,Season,Difference,away,home,score,week,winner,homeATT,homeMID,homeDEF,homeOVR,awayATT,awayMID,awayDEF,awayOVR,homeworth,homeage,awayworth,awayage,homesupport,awaysupport
0,2016.0,-1.0,BURSASPOR,ADANASPOR A.Ş.,1 - 2,1.0,away,71.0,67.0,69.0,69.0,70.0,72.0,71.0,72.0,19.98,23.7,48.98,24.4,4594.0,16106.0
1,2016.0,0.0,ATIKER KONYASPOR,ÇAYKUR RIZESPOR A.Ş.,1 - 1,1.0,Draw,76.0,68.0,68.0,69.0,72.0,70.0,71.0,71.0,34.68,22.6,28.75,25.3,3369.0,15723.0
2,2016.0,2.0,KASIMPAŞA A.Ş.,TRABZONSPOR A.Ş.,2 - 0,1.0,home,73.0,74.0,76.0,74.0,69.0,71.0,71.0,70.0,95.95,23.8,39.5,23.4,17252.0,1416.0
3,2016.0,3.0,ALANYASPOR,BEŞIKTAŞ A.Ş.,4 - 1,1.0,home,78.0,78.0,76.0,78.0,,,,,177.4,25.3,38.68,25.5,30448.0,4541.0
4,2016.0,-2.0,AKHISAR BELEDIYE GENÇLIK VE SPOR,KAYSERISPOR,0 - 2,1.0,away,73.0,72.0,70.0,71.0,70.0,71.0,71.0,70.0,45.85,25.0,50.2,26.7,5524.0,2501.0
5,2016.0,2.0,GAZIANTEPSPOR,GENÇLERBIRLIĞI,2 - 0,1.0,home,69.0,70.0,70.0,70.0,71.0,69.0,68.0,70.0,36.78,24.1,40.55,24.6,2625.0,4236.0
6,2016.0,1.0,FENERBAHÇE A.Ş.,MEDIPOL BAŞAKŞEHIR FK,1 - 0,1.0,home,78.0,75.0,73.0,75.0,80.0,77.0,78.0,77.0,72.95,26.4,168.68,24.8,3208.0,16485.0
7,2016.0,0.0,OSMANLISPOR FUTBOL KULÜBÜ,ANTALYASPOR A.Ş.,0 - 0,1.0,Draw,81.0,71.0,72.0,71.0,74.0,74.0,72.0,73.0,41.8,25.4,56.7,25.1,12645.0,3792.0
8,2016.0,1.0,KARDEMIR KARABÜKSPOR,GALATASARAY A.Ş.,1 - 0,1.0,home,76.0,77.0,74.0,76.0,71.0,70.0,70.0,70.0,129.35,25.1,36.08,25.8,21351.0,4422.0
9,2016.0,1.0,ANTALYASPOR A.Ş.,AYTEMIZ ALANYASPOR,2 - 1,2.0,home,73.0,70.0,71.0,70.0,81.0,71.0,72.0,71.0,38.68,25.5,41.8,25.4,4541.0,12645.0
10,2016.0,0.0,BEŞIKTAŞ A.Ş.,ATIKER KONYASPOR,2 - 2,2.0,Draw,72.0,70.0,71.0,71.0,78.0,78.0,76.0,78.0,28.75,25.3,177.4,25.3,15723.0,30448.0
11,2016.0,1.0,TRABZONSPOR A.Ş.,GAZIANTEPSPOR,1 - 0,2.0,home,71.0,69.0,68.0,70.0,73.0,74.0,76.0,74.0,40.55,24.6,95.95,23.8,4236.0,17252.0
12,2016.0,-2.0,GALATASARAY A.Ş.,AKHISAR BELEDIYE GENÇLIK VE SPOR,1 - 3,2.0,away,70.0,71.0,71.0,70.0,76.0,77.0,74.0,76.0,50.2,26.7,129.35,25.1,2501.0,21351.0
13,2016.0,0.0,ADANASPOR A.Ş.,KASIMPAŞA A.Ş.,1 - 1,2.0,Draw,69.0,71.0,71.0,70.0,71.0,67.0,69.0,69.0,39.5,23.4,19.98,23.7,1416.0,4594.0
14,2016.0,0.0,GENÇLERBIRLIĞI,OSMANLISPOR FUTBOL KULÜBÜ,2 - 2,2.0,Draw,74.0,74.0,72.0,73.0,69.0,70.0,70.0,70.0,56.7,25.1,36.78,24.1,3792.0,2625.0
15,2016.0,3.0,ÇAYKUR RIZESPOR A.Ş.,KARDEMIR KARABÜKSPOR,3 - 0,2.0,home,71.0,70.0,70.0,70.0,76.0,68.0,68.0,69.0,36.08,25.8,34.68,22.6,4422.0,3369.0
16,2016.0,0.0,KAYSERISPOR,FENERBAHÇE A.Ş.,3 - 3,2.0,Draw,80.0,77.0,78.0,77.0,73.0,72.0,70.0,71.0,168.68,24.8,45.85,25.0,16485.0,5524.0
17,2016.0,-2.0,MEDIPOL BAŞAKŞEHIR FK,BURSASPOR,0 - 2,2.0,away,70.0,72.0,71.0,72.0,78.0,75.0,73.0,75.0,48.98,24.4,72.95,26.4,16106.0,3208.0
18,2016.0,0.0,GAZIANTEPSPOR,ADANASPOR A.Ş.,0 - 0,3.0,Draw,71.0,67.0,69.0,69.0,71.0,69.0,68.0,70.0,19.98,23.7,40.55,24.6,4594.0,4236.0
19,2016.0,0.0,AYTEMIZ ALANYASPOR,GENÇLERBIRLIĞI,0 - 0,3.0,Draw,69.0,70.0,70.0,70.0,73.0,70.0,71.0,70.0,36.78,24.1,38.68,25.5,2625.0,4541.0
20,2016.0,2.0,KARDEMIR KARABÜKSPOR,BEŞIKTAŞ A.Ş.,3 - 1,3.0,home,78.0,78.0,76.0,78.0,71.0,70.0,70.0,70.0,177.4,25.3,36.08,25.8,30448.0,4422.0
21,2016.0,2.0,KASIMPAŞA A.Ş.,MEDIPOL BAŞAKŞEHIR FK,3 - 1,3.0,home,78.0,75.0,73.0,75.0,69.0,71.0,71.0,70.0,72.95,26.4,39.5,23.4,3208.0,1416.0
22,2016.0,0.0,GALATASARAY A.Ş.,KAYSERISPOR,1 - 1,3.0,Draw,73.0,72.0,70.0,71.0,76.0,77.0,74.0,76.0,45.85,25.0,129.35,25.1,5524.0,21351.0
23,2016.0,-2.0,ATIKER KONYASPOR,ANTALYASPOR A.Ş.,1 - 3,3.0,away,81.0,71.0,72.0,71.0,72.0,70.0,71.0,71.0,41.8,25.4,28.75,25.3,12645.0,15723.0
24,2016.0,-1.0,BURSASPOR,FENERBAHÇE A.Ş.,0 - 1,3.0,away,80.0,77.0,78.0,77.0,70.0,72.0,71.0,72.0,168.68,24.8,48.98,24.4,16485.0,16106.0
25,2016.0,1.0,AKHISAR BELEDIYE GENÇLIK VE SPOR,ÇAYKUR RIZESPOR A.Ş.,1 - 0,3.0,home,76.0,68.0,68.0,69.0,70.0,71.0,71.0,70.0,34.68,22.6,50.2,26.7,3369.0,2501.0
26,2016.0,-2.0,OSMANLISPOR FUTBOL KULÜBÜ,TRABZONSPOR A.Ş.,0 - 2,3.0,away,73.0,74.0,76.0,74.0,74.0,74.0,72.0,73.0,95.95,23.8,56.7,25.1,17252.0,3792.0
27,2016.0,2.0,KAYSERISPOR,BURSASPOR,3 - 1,4.0,home,70.0,72.0,71.0,72.0,73.0,72.0,70.0,71.0,48.98,24.4,45.85,25.0,16106.0,5524.0
28,2016.0,1.0,ANTALYASPOR A.Ş.,KARDEMIR KARABÜKSPOR,3 - 2,4.0,home,71.0,70.0,70.0,70.0,81.0,71.0,72.0,71.0,36.08,25.8,41.8,25.4,4422.0,12645.0
29,2016.0,3.0,TRABZONSPOR A.Ş.,AYTEMIZ ALANYASPOR,3 - 0,4.0,home,73.0,70.0,71.0,70.0,73.0,74.0,76.0,74.0,38.68,25.5,95.95,23.8,4541.0,17252.0
30,2016.0,2.0,ÇAYKUR RIZESPOR A.Ş.,GALATASARAY A.Ş.,2 - 0,4.0,home,76.0,77.0,74.0,76.0,76.0,68.0,68.0,69.0,129.35,25.1,34.68,22.6,21351.0,3369.0
31,2016.0,0.0,GENÇLERBIRLIĞI,ATIKER KONYASPOR,1 - 1,4.0,Draw,72.0,70.0,71.0,71.0,69.0,70.0,70.0,70.0,28.75,25.3,36.78,24.1,15723.0,2625.0
32,2016.0,1.0,ADANASPOR A.Ş.,OSMANLISPOR FUTBOL KULÜBÜ,1 - 0,4.0,home,74.0,74.0,72.0,73.0,71.0,67.0,69.0,69.0,56.7,25.1,19.98,23.7,3792.0,4594.0
33,2016.0,-2.0,BEŞIKTAŞ A.Ş.,AKHISAR BELEDIYE GENÇLIK VE SPOR,0 - 2,4.0,away,70.0,71.0,71.0,70.0,78.0,78.0,76.0,78.0,50.2,26.7,177.4,25.3,2501.0,30448.0
34,2016.0,-1.0,MEDIPOL BAŞAKŞEHIR FK,GAZIANTEPSPOR,0 - 1,4.0,away,71.0,69.0,68.0,70.0,78.0,75.0,73.0,75.0,40.55,24.6,72.95,26.4,4236.0,3208.0
35,2016.0,-4.0,FENERBAHÇE A.Ş.,KASIMPAŞA A.Ş.,1 - 5,4.0,away,69.0,71.0,71.0,70.0,80.0,77.0,78.0,77.0,39.5,23.4,168.68,24.8,1416.0,16485.0
36,2016.0,0.0,AKHISAR BELEDIYE GENÇLIK VE SPOR,ANTALYASPOR A.Ş.,0 - 0,5.0,Draw,81.0,71.0,72.0,71.0,70.0,71.0,71.0,70.0,41.8,25.4,50.2,26.7,12645.0,2501.0
37,2016.0,0.0,GALATASARAY A.Ş.,BEŞIKTAŞ A.Ş.,2 - 2,5.0,Draw,78.0,78.0,76.0,78.0,76.0,77.0,74.0,76.0,177.4,25.3,129.35,25.1,30448.0,21351.0
38,2016.0,1.0,ATIKER KONYASPOR,TRABZONSPOR A.Ş.,1 - 0,5.0,home,73.0,74.0,76.0,74.0,72.0,70.0,71.0,71.0,95.95,23.8,28.75,25.3,17252.0,15723.0
39,2016.0,0.0,OSMANLISPOR FUTBOL KULÜBÜ,MEDIPOL BAŞAKŞEHIR FK,2 - 2,5.0,Draw,78.0,75.0,73.0,75.0,74.0,74.0,72.0,73.0,72.95,26.4,56.7,25.1,3208.0,3792.0
40,2016.0,1.0,ÇAYKUR RIZESPOR A.Ş.,KAYSERISPOR,2 - 1,5.0,home,73.0,72.0,70.0,71.0,76.0,68.0,68.0,69.0,45.85,25.0,34.68,22.6,5524.0,3369.0
41,2016.0,1.0,GAZIANTEPSPOR,FENERBAHÇE A.Ş.,2 - 1,5.0,home,80.0,77.0,78.0,77.0,71.0,69.0,68.0,70.0,168.68,24.8,40.55,24.6,16485.0,4236.0
42,2016.0,1.0,KASIMPAŞA A.Ş.,BURSASPOR,1 - 0,5.0,home,70.0,72.0,71.0,72.0,69.0,71.0,71.0,70.0,48.98,24.4,39.5,23.4,16106.0,1416.0
43,2016.0,2.0,KARDEMIR KARABÜKSPOR,GENÇLERBIRLIĞI,2 - 0,5.0,home,69.0,70.0,70.0,70.0,71.0,70.0,70.0,70.0,36.78,24.1,36.08,25.8,2625.0,4422.0
44,2016.0,1.0,AYTEMIZ ALANYASPOR,ADANASPOR A.Ş.,3 - 2,5.0,home,71.0,67.0,69.0,69.0,73.0,70.0,71.0,70.0,19.98,23.7,38.68,25.5,4594.0,4541.0
45,2016.0,0.0,GENÇLERBIRLIĞI,AKHISAR BELEDIYE GENÇLIK VE SPOR,0 - 0,6.0,Draw,70.0,71.0,71.0,70.0,69.0,70.0,70.0,70.0,50.2,26.7,36.78,24.1,2501.0,2625.0
46,2016.0,1.0,BURSASPOR,GAZIANTEPSPOR,3 - 2,6.0,home,71.0,69.0,68.0,70.0,70.0,72.0,71.0,72.0,40.55,24.6,48.98,24.4,4236.0,16106.0
47,2016.0,4.0,TRABZONSPOR A.Ş.,KARDEMIR KARABÜKSPOR,4 - 0,6.0,home,71.0,70.0,70.0,70.0,73.0,74.0,76.0,74.0,36.08,25.8,95.95,23.8,4422.0,17252.0
48,2016.0,-1.0,BEŞIKTAŞ A.Ş.,ÇAYKUR RIZESPOR A.Ş.,0 - 1,6.0,away,76.0,68.0,68.0,69.0,78.0,78.0,76.0,78.0,34.68,22.6,177.4,25.3,3369.0,30448.0
49,2016.0,2.0,KAYSERISPOR,KASIMPAŞA A.Ş.,3 - 1,6.0,home,69.0,71.0,71.0,70.0,73.0,72.0,70.0,71.0,39.5,23.4,45.85,25.0,1416.0,5524.0
50,2016.0,2.0,ANTALYASPOR A.Ş.,GALATASARAY A.Ş.,3 - 1,6.0,home,76.0,77.0,74.0,76.0,81.0,71.0,72.0,71.0,129.35,25.1,41.8,25.4,21351.0,12645.0
51,2016.0,0.0,FENERBAHÇE A.Ş.,OSMANLISPOR FUTBOL KULÜBÜ,1 - 1,6.0,Draw,74.0,74.0,72.0,73.0,80.0,77.0,78.0,77.0,56.7,25.1,168.68,24.8,3792.0,16485.0
52,2016.0,-5.0,MEDIPOL BAŞAKŞEHIR FK,AYTEMIZ ALANYASPOR,0 - 5,6.0,away,73.0,70.0,71.0,70.0,78.0,75.0,73.0,75.0,38.68,25.5,72.95,26.4,4541.0,3208.0
53,2016.0,1.0,ADANASPOR A.Ş.,ATIKER KONYASPOR,1 - 0,6.0,home,72.0,70.0,71.0,71.0,71.0,67.0,69.0,69.0,28.75,25.3,19.98,23.7,15723.0,4594.0
54,2016.0,-1.0,GALATASARAY A.Ş.,GENÇLERBIRLIĞI,0 - 1,7.0,away,69.0,70.0,70.0,70.0,76.0,77.0,74.0,76.0,36.78,24.1,129.35,25.1,2625.0,21351.0
55,2016.0,-1.0,BEŞIKTAŞ A.Ş.,KAYSERISPOR,0 - 1,7.0,away,73.0,72.0,70.0,71.0,78.0,78.0,76.0,78.0,45.85,25.0,177.4,25.3,5524.0,30448.0
56,2016.0,0.0,GAZIANTEPSPOR,KASIMPAŞA A.Ş.,0 - 0,7.0,Draw,69.0,71.0,71.0,70.0,71.0,69.0,68.0,70.0,39.5,23.4,40.55,24.6,1416.0,4236.0
57,2016.0,-1.0,KARDEMIR KARABÜKSPOR,ADANASPOR A.Ş.,1 - 2,7.0,away,71.0,67.0,69.0,69.0,71.0,70.0,70.0,70.0,19.98,23.7,36.08,25.8,4594.0,4422.0
58,2016.0,0.0,AYTEMIZ ALANYASPOR,FENERBAHÇE A.Ş.,1 - 1,7.0,Draw,80.0,77.0,78.0,77.0,73.0,70.0,71.0,70.0,168.68,24.8,38.68,25.5,16485.0,4541.0
59,2016.0,0.0,AKHISAR BELEDIYE GENÇLIK VE SPOR,TRABZONSPOR A.Ş.,0 - 0,7.0,Draw,73.0,74.0,76.0,74.0,70.0,71.0,71.0,70.0,95.95,23.8,50.2,26.7,17252.0,2501.0
60,2016.0,0.0,ATIKER KONYASPOR,MEDIPOL BAŞAKŞEHIR FK,1 - 1,7.0,Draw,78.0,75.0,73.0,75.0,72.0,70.0,71.0,71.0,72.95,26.4,28.75,25.3,3208.0,15723.0
61,2016.0,0.0,OSMANLISPOR FUTBOL KULÜBÜ,BURSASPOR,0 - 0,7.0,Draw,70.0,72.0,71.0,72.0,74.0,74.0,72.0,73.0,48.98,24.4,56.7,25.1,16106.0,3792.0
62,2016.0,0.0,ÇAYKUR RIZESPOR A.Ş.,ANTALYASPOR A.Ş.,1 - 1,7.0,Draw,81.0,71.0,72.0,71.0,76.0,68.0,68.0,69.0,41.8,25.4,34.68,22.6,12645.0,3369.0
63,2016.0,1.0,GENÇLERBIRLIĞI,ÇAYKUR RIZESPOR A.Ş.,2 - 1,8.0,home,76.0,68.0,68.0,69.0,69.0,70.0,70.0,70.0,34.68,22.6,36.78,24.1,3369.0,2625.0
64,2016.0,-1.0,KAYSERISPOR,GAZIANTEPSPOR,1 - 2,8.0,away,71.0,69.0,68.0,70.0,73.0,72.0,70.0,71.0,40.55,24.6,45.85,25.0,4236.0,5524.0
65,2016.0,1.0,ADANASPOR A.Ş.,AKHISAR BELEDIYE GENÇLIK VE SPOR,1 - 0,8.0,home,70.0,71.0,71.0,70.0,71.0,67.0,69.0,69.0,50.2,26.7,19.98,23.7,2501.0,4594.0
66,2016.0,-1.0,TRABZONSPOR A.Ş.,GALATASARAY A.Ş.,0 - 1,8.0,away,76.0,77.0,74.0,76.0,73.0,74.0,76.0,74.0,129.35,25.1,95.95,23.8,21351.0,17252.0
67,2016.0,-2.0,BURSASPOR,AYTEMIZ ALANYASPOR,0 - 2,8.0,away,73.0,70.0,71.0,70.0,70.0,72.0,71.0,72.0,38.68,25.5,48.98,24.4,4541.0,16106.0
68,2016.0,-2.0,MEDIPOL BAŞAKŞEHIR FK,KARDEMIR KARABÜKSPOR,0 - 2,8.0,away,71.0,70.0,70.0,70.0,78.0,75.0,73.0,75.0,36.08,25.8,72.95,26.4,4422.0,3208.0
69,2016.0,3.0,ANTALYASPOR A.Ş.,BEŞIKTAŞ A.Ş.,3 - 0,8.0,home,78.0,78.0,76.0,78.0,81.0,71.0,72.0,71.0,177.4,25.3,41.8,25.4,30448.0,12645.0
70,2016.0,-1.0,KASIMPAŞA A.Ş.,OSMANLISPOR FUTBOL KULÜBÜ,1 - 2,8.0,away,74.0,74.0,72.0,73.0,69.0,71.0,71.0,70.0,56.7,25.1,39.5,23.4,3792.0,1416.0
71,2016.0,-1.0,FENERBAHÇE A.Ş.,ATIKER KONYASPOR,0 - 1,8.0,away,72.0,70.0,71.0,71.0,80.0,77.0,78.0,77.0,28.75,25.3,168.68,24.8,15723.0,16485.0
72,2016.0,0.0,BEŞIKTAŞ A.Ş.,GENÇLERBIRLIĞI,1 - 1,9.0,Draw,69.0,70.0,70.0,70.0,78.0,78.0,76.0,78.0,36.78,24.1,177.4,25.3,2625.0,30448.0
73,2016.0,2.0,ATIKER KONYASPOR,BURSASPOR,2 - 0,9.0,home,70.0,72.0,71.0,72.0,72.0,70.0,71.0,71.0,48.98,24.4,28.75,25.3,16106.0,15723.0
74,2016.0,-1.0,GALATASARAY A.Ş.,ADANASPOR A.Ş.,0 - 1,9.0,away,71.0,67.0,69.0,69.0,76.0,77.0,74.0,76.0,19.98,23.7,129.35,25.1,4594.0,21351.0
75,2016.0,2.0,OSMANLISPOR FUTBOL KULÜBÜ,GAZIANTEPSPOR,3 - 1,9.0,home,71.0,69.0,68.0,70.0,74.0,74.0,72.0,73.0,40.55,24.6,56.7,25.1,4236.0,3792.0
76,2016.0,0.0,ÇAYKUR RIZESPOR A.Ş.,TRABZONSPOR A.Ş.,2 - 2,9.0,Draw,73.0,74.0,76.0,74.0,76.0,68.0,68.0,69.0,95.95,23.8,34.68,22.6,17252.0,3369.0
77,2016.0,5.0,KARDEMIR KARABÜKSPOR,FENERBAHÇE A.Ş.,5 - 0,9.0,home,80.0,77.0,78.0,77.0,71.0,70.0,70.0,70.0,168.68,24.8,36.08,25.8,16485.0,4422.0
78,2016.0,4.0,AKHISAR BELEDIYE GENÇLIK VE SPOR,MEDIPOL BAŞAKŞEHIR FK,5 - 1,9.0,home,78.0,75.0,73.0,75.0,70.0,71.0,71.0,70.0,72.95,26.4,50.2,26.7,3208.0,2501.0
79,2016.0,-1.0,ANTALYASPOR A.Ş.,KAYSERISPOR,0 - 1,9.0,away,73.0,72.0,70.0,71.0,81.0,71.0,72.0,71.0,45.85,25.0,41.8,25.4,5524.0,12645.0
80,2016.0,1.0,AYTEMIZ ALANYASPOR,KASIMPAŞA A.Ş.,2 - 1,9.0,home,69.0,71.0,71.0,70.0,73.0,70.0,71.0,70.0,39.5,23.4,38.68,25.5,1416.0,4541.0
81,2016.0,-1.0,MEDIPOL BAŞAKŞEHIR FK,GALATASARAY A.Ş.,1 - 2,10.0,away,76.0,77.0,74.0,76.0,78.0,75.0,73.0,75.0,129.35,25.1,72.95,26.4,21351.0,3208.0
82,2016.0,1.0,GENÇLERBIRLIĞI,ANTALYASPOR A.Ş.,1 - 0,10.0,home,81.0,71.0,72.0,71.0,69.0,70.0,70.0,70.0,41.8,25.4,36.78,24.1,12645.0,2625.0
83,2016.0,0.0,BURSASPOR,KARDEMIR KARABÜKSPOR,0 - 0,10.0,Draw,71.0,70.0,70.0,70.0,70.0,72.0,71.0,72.0,36.08,25.8,48.98,24.4,4422.0,16106.0
84,2016.0,1.0,TRABZONSPOR A.Ş.,BEŞIKTAŞ A.Ş.,2 - 1,10.0,home,78.0,78.0,76.0,78.0,73.0,74.0,76.0,74.0,177.4,25.3,95.95,23.8,30448.0,17252.0
85,2016.0,1.0,GAZIANTEPSPOR,AYTEMIZ ALANYASPOR,4 - 3,10.0,home,73.0,70.0,71.0,70.0,71.0,69.0,68.0,70.0,38.68,25.5,40.55,24.6,4541.0,4236.0
86,2016.0,0.0,KAYSERISPOR,OSMANLISPOR FUTBOL KULÜBÜ,1 - 1,10.0,Draw,74.0,74.0,72.0,73.0,73.0,72.0,70.0,71.0,56.7,25.1,45.85,25.0,3792.0,5524.0
87,2016.0,1.0,KASIMPAŞA A.Ş.,ATIKER KONYASPOR,2 - 1,10.0,home,72.0,70.0,71.0,71.0,69.0,71.0,71.0,70.0,28.75,25.3,39.5,23.4,15723.0,1416.0
88,2016.0,-2.0,FENERBAHÇE A.Ş.,AKHISAR BELEDIYE GENÇLIK VE SPOR,1 - 3,10.0,away,70.0,71.0,71.0,70.0,80.0,77.0,78.0,77.0,50.2,26.7,168.68,24.8,2501.0,16485.0
89,2016.0,0.0,ADANASPOR A.Ş.,ÇAYKUR RIZESPOR A.Ş.,2 - 2,10.0,Draw,76.0,68.0,68.0,69.0,71.0,67.0,69.0,69.0,34.68,22.6,19.98,23.7,3369.0,4594.0
90,2016.0,-3.0,ATIKER KONYASPOR,GAZIANTEPSPOR,0 - 3,11.0,away,71.0,69.0,68.0,70.0,72.0,70.0,71.0,71.0,40.55,24.6,28.75,25.3,4236.0,15723.0
91,2016.0,2.0,AYTEMIZ ALANYASPOR,OSMANLISPOR FUTBOL KULÜBÜ,2 - 0,11.0,home,74.0,74.0,72.0,73.0,73.0,70.0,71.0,70.0,56.7,25.1,38.68,25.5,3792.0,4541.0
92,2016.0,0.0,AKHISAR BELEDIYE GENÇLIK VE SPOR,BURSASPOR,0 - 0,11.0,Draw,70.0,72.0,71.0,72.0,70.0,71.0,71.0,70.0,48.98,24.4,50.2,26.7,16106.0,2501.0
93,2016.0,-1.0,BEŞIKTAŞ A.Ş.,ADANASPOR A.Ş.,1 - 2,11.0,away,71.0,67.0,69.0,69.0,78.0,78.0,76.0,78.0,19.98,23.7,177.4,25.3,4594.0,30448.0
94,2016.0,0.0,KARDEMIR KARABÜKSPOR,KASIMPAŞA A.Ş.,2 - 2,11.0,Draw,69.0,71.0,71.0,70.0,71.0,70.0,70.0,70.0,39.5,23.4,36.08,25.8,1416.0,4422.0
95,2016.0,2.0,GALATASARAY A.Ş.,FENERBAHÇE A.Ş.,2 - 0,11.0,home,80.0,77.0,78.0,77.0,76.0,77.0,74.0,76.0,168.68,24.8,129.35,25.1,16485.0,21351.0
96,2016.0,-2.0,GENÇLERBIRLIĞI,KAYSERISPOR,0 - 2,11.0,away,73.0,72.0,70.0,71.0,69.0,70.0,70.0,70.0,45.85,25.0,36.78,24.1,5524.0,2625.0
97,2016.0,1.0,ÇAYKUR RIZESPOR A.Ş.,MEDIPOL BAŞAKŞEHIR FK,2 - 1,11.0,home,78.0,75.0,73.0,75.0,76.0,68.0,68.0,69.0,72.95,26.4,34.68,22.6,3208.0,3369.0
98,2016.0,-1.0,ANTALYASPOR A.Ş.,TRABZONSPOR A.Ş.,0 - 1,11.0,away,73.0,74.0,76.0,74.0,81.0,71.0,72.0,71.0,95.95,23.8,41.8,25.4,17252.0,12645.0
99,2016.0,3.0,KAYSERISPOR,AYTEMIZ ALANYASPOR,3 - 0,12.0,home,73.0,70.0,71.0,70.0,73.0,72.0,70.0,71.0,38.68,25.5,45.85,25.0,4541.0,5524.0
100,2016.0,2.0,BURSASPOR,GALATASARAY A.Ş.,3 - 1,12.0,home,76.0,77.0,74.0,76.0,70.0,72.0,71.0,72.0,129.35,25.1,48.98,24.4,21351.0,16106.0
101,2016.0,1.0,ADANASPOR A.Ş.,ANTALYASPOR A.Ş.,1 - 0,12.0,home,81.0,71.0,72.0,71.0,71.0,67.0,69.0,69.0,41.8,25.4,19.98,23.7,12645.0,4594.0
102,2016.0,2.0,GAZIANTEPSPOR,KARDEMIR KARABÜKSPOR,2 - 0,12.0,home,71.0,70.0,70.0,70.0,71.0,69.0,68.0,70.0,36.08,25.8,40.55,24.6,4422.0,4236.0
103,2016.0,1.0,KASIMPAŞA A.Ş.,AKHISAR BELEDIYE GENÇLIK VE SPOR,1 - 0,12.0,home,70.0,71.0,71.0,70.0,69.0,71.0,71.0,70.0,50.2,26.7,39.5,23.4,2501.0,1416.0
104,2016.0,0.0,MEDIPOL BAŞAKŞEHIR FK,BEŞIKTAŞ A.Ş.,1 - 1,12.0,Draw,78.0,78.0,76.0,78.0,78.0,75.0,73.0,75.0,177.4,25.3,72.95,26.4,30448.0,3208.0
105,2016.0,-4.0,FENERBAHÇE A.Ş.,ÇAYKUR RIZESPOR A.Ş.,1 - 5,12.0,away,76.0,68.0,68.0,69.0,80.0,77.0,78.0,77.0,34.68,22.6,168.68,24.8,3369.0,16485.0
106,2016.0,0.0,TRABZONSPOR A.Ş.,GENÇLERBIRLIĞI,0 - 0,12.0,Draw,69.0,70.0,70.0,70.0,73.0,74.0,76.0,74.0,36.78,24.1,95.95,23.8,2625.0,17252.0
107,2016.0,0.0,OSMANLISPOR FUTBOL KULÜBÜ,ATIKER KONYASPOR,1 - 1,12.0,Draw,72.0,70.0,71.0,71.0,74.0,74.0,72.0,73.0,28.75,25.3,56.7,25.1,15723.0,3792.0
108,2016.0,0.0,ANTALYASPOR A.Ş.,MEDIPOL BAŞAKŞEHIR FK,2 - 2,13.0,Draw,78.0,75.0,73.0,75.0,81.0,71.0,72.0,71.0,72.95,26.4,41.8,25.4,3208.0,12645.0
109,2016.0,0.0,BEŞIKTAŞ A.Ş.,FENERBAHÇE A.Ş.,0 - 0,13.0,Draw,80.0,77.0,78.0,77.0,78.0,78.0,76.0,78.0,168.68,24.8,177.4,25.3,16485.0,30448.0
110,2016.0,-1.0,AKHISAR BELEDIYE GENÇLIK VE SPOR,GAZIANTEPSPOR,1 - 2,13.0,away,71.0,69.0,68.0,70.0,70.0,71.0,71.0,70.0,40.55,24.6,50.2,26.7,4236.0,2501.0
111,2016.0,1.0,KARDEMIR KARABÜKSPOR,OSMANLISPOR FUTBOL KULÜBÜ,2 - 1,13.0,home,74.0,74.0,72.0,73.0,71.0,70.0,70.0,70.0,56.7,25.1,36.08,25.8,3792.0,4422.0
112,2016.0,-1.0,GALATASARAY A.Ş.,KASIMPAŞA A.Ş.,1 - 2,13.0,away,69.0,71.0,71.0,70.0,76.0,77.0,74.0,76.0,39.5,23.4,129.35,25.1,1416.0,21351.0
113,2016.0,-1.0,ATIKER KONYASPOR,AYTEMIZ ALANYASPOR,2 - 3,13.0,away,73.0,70.0,71.0,70.0,72.0,70.0,71.0,71.0,38.68,25.5,28.75,25.3,4541.0,15723.0
114,2016.0,-2.0,GENÇLERBIRLIĞI,ADANASPOR A.Ş.,0 - 2,13.0,away,71.0,67.0,69.0,69.0,69.0,70.0,70.0,70.0,19.98,23.7,36.78,24.1,4594.0,2625.0
115,2016.0,1.0,ÇAYKUR RIZESPOR A.Ş.,BURSASPOR,2 - 1,13.0,home,70.0,72.0,71.0,72.0,76.0,68.0,68.0,69.0,48.98,24.4,34.68,22.6,16106.0,3369.0
116,2016.0,-1.0,TRABZONSPOR A.Ş.,KAYSERISPOR,0 - 1,13.0,away,73.0,72.0,70.0,71.0,73.0,74.0,76.0,74.0,45.85,25.0,95.95,23.8,5524.0,17252.0
117,2016.0,3.0,ADANASPOR A.Ş.,TRABZONSPOR A.Ş.,4 - 1,14.0,home,73.0,74.0,76.0,74.0,71.0,67.0,69.0,69.0,95.95,23.8,19.98,23.7,17252.0,4594.0
118,2016.0,1.0,BURSASPOR,BEŞIKTAŞ A.Ş.,2 - 1,14.0,home,78.0,78.0,76.0,78.0,70.0,72.0,71.0,72.0,177.4,25.3,48.98,24.4,30448.0,16106.0
119,2016.0,-1.0,KASIMPAŞA A.Ş.,ÇAYKUR RIZESPOR A.Ş.,0 - 1,14.0,away,76.0,68.0,68.0,69.0,69.0,71.0,71.0,70.0,34.68,22.6,39.5,23.4,3369.0,1416.0
120,2016.0,0.0,MEDIPOL BAŞAKŞEHIR FK,GENÇLERBIRLIĞI,0 - 0,14.0,Draw,69.0,70.0,70.0,70.0,78.0,75.0,73.0,75.0,36.78,24.1,72.95,26.4,2625.0,3208.0
121,2016.0,-1.0,OSMANLISPOR FUTBOL KULÜBÜ,AKHISAR BELEDIYE GENÇLIK VE SPOR,1 - 2,14.0,away,70.0,71.0,71.0,70.0,74.0,74.0,72.0,73.0,50.2,26.7,56.7,25.1,2501.0,3792.0
122,2016.0,-2.0,AYTEMIZ ALANYASPOR,KARDEMIR KARABÜKSPOR,0 - 2,14.0,away,71.0,70.0,70.0,70.0,73.0,70.0,71.0,70.0,36.08,25.8,38.68,25.5,4422.0,4541.0
123,2016.0,1.0,KAYSERISPOR,ATIKER KONYASPOR,1 - 0,14.0,home,72.0,70.0,71.0,71.0,73.0,72.0,70.0,71.0,28.75,25.3,45.85,25.0,15723.0,5524.0
124,2016.0,2.0,GAZIANTEPSPOR,GALATASARAY A.Ş.,3 - 1,14.0,home,76.0,77.0,74.0,76.0,71.0,69.0,68.0,70.0,129.35,25.1,40.55,24.6,21351.0,4236.0
125,2016.0,1.0,FENERBAHÇE A.Ş.,ANTALYASPOR A.Ş.,1 - 0,14.0,home,81.0,71.0,72.0,71.0,80.0,77.0,78.0,77.0,41.8,25.4,168.68,24.8,12645.0,16485.0
126,2016.0,1.0,TRABZONSPOR A.Ş.,MEDIPOL BAŞAKŞEHIR FK,1 - 0,15.0,home,78.0,75.0,73.0,75.0,73.0,74.0,76.0,74.0,72.95,26.4,95.95,23.8,3208.0,17252.0
127,2016.0,1.0,BEŞIKTAŞ A.Ş.,KASIMPAŞA A.Ş.,2 - 1,15.0,home,69.0,71.0,71.0,70.0,78.0,78.0,76.0,78.0,39.5,23.4,177.4,25.3,1416.0,30448.0
128,2016.0,1.0,KAYSERISPOR,ADANASPOR A.Ş.,2 - 1,15.0,home,71.0,67.0,69.0,69.0,73.0,72.0,70.0,71.0,19.98,23.7,45.85,25.0,4594.0,5524.0
129,2016.0,0.0,AKHISAR BELEDIYE GENÇLIK VE SPOR,AYTEMIZ ALANYASPOR,0 - 0,15.0,Draw,73.0,70.0,71.0,70.0,70.0,71.0,71.0,70.0,38.68,25.5,50.2,26.7,4541.0,2501.0
130,2016.0,0.0,ATIKER KONYASPOR,KARDEMIR KARABÜKSPOR,1 - 1,15.0,Draw,71.0,70.0,70.0,70.0,72.0,70.0,71.0,71.0,36.08,25.8,28.75,25.3,4422.0,15723.0
131,2016.0,0.0,GALATASARAY A.Ş.,OSMANLISPOR FUTBOL KULÜBÜ,2 - 2,15.0,Draw,74.0,74.0,72.0,73.0,76.0,77.0,74.0,76.0,56.7,25.1,129.35,25.1,3792.0,21351.0
132,2016.0,-1.0,ÇAYKUR RIZESPOR A.Ş.,GAZIANTEPSPOR,1 - 2,15.0,away,71.0,69.0,68.0,70.0,76.0,68.0,68.0,69.0,40.55,24.6,34.68,22.6,4236.0,3369.0
133,2016.0,3.0,GENÇLERBIRLIĞI,FENERBAHÇE A.Ş.,3 - 0,15.0,home,80.0,77.0,78.0,77.0,69.0,70.0,70.0,70.0,168.68,24.8,36.78,24.1,16485.0,2625.0
134,2016.0,1.0,ANTALYASPOR A.Ş.,BURSASPOR,2 - 1,15.0,home,70.0,72.0,71.0,72.0,81.0,71.0,72.0,71.0,48.98,24.4,41.8,25.4,16106.0,12645.0
135,2016.0,1.0,GAZIANTEPSPOR,BEŞIKTAŞ A.Ş.,1 - 0,16.0,home,78.0,78.0,76.0,78.0,71.0,69.0,68.0,70.0,177.4,25.3,40.55,24.6,30448.0,4236.0
136,2016.0,0.0,MEDIPOL BAŞAKŞEHIR FK,ADANASPOR A.Ş.,1 - 1,16.0,Draw,71.0,67.0,69.0,69.0,78.0,75.0,73.0,75.0,19.98,23.7,72.95,26.4,4594.0,3208.0
137,2016.0,1.0,ATIKER KONYASPOR,AKHISAR BELEDIYE GENÇLIK VE SPOR,1 - 0,16.0,home,70.0,71.0,71.0,70.0,72.0,70.0,71.0,71.0,50.2,26.7,28.75,25.3,2501.0,15723.0
138,2016.0,4.0,AYTEMIZ ALANYASPOR,GALATASARAY A.Ş.,5 - 1,16.0,home,76.0,77.0,74.0,76.0,73.0,70.0,71.0,70.0,129.35,25.1,38.68,25.5,21351.0,4541.0
139,2016.0,1.0,KASIMPAŞA A.Ş.,ANTALYASPOR A.Ş.,2 - 1,16.0,home,81.0,71.0,72.0,71.0,69.0,71.0,71.0,70.0,41.8,25.4,39.5,23.4,12645.0,1416.0
140,2016.0,2.0,KARDEMIR KARABÜKSPOR,KAYSERISPOR,2 - 0,16.0,home,73.0,72.0,70.0,71.0,71.0,70.0,70.0,70.0,45.85,25.0,36.08,25.8,5524.0,4422.0
141,2016.0,-1.0,OSMANLISPOR FUTBOL KULÜBÜ,ÇAYKUR RIZESPOR A.Ş.,0 - 1,16.0,away,76.0,68.0,68.0,69.0,74.0,74.0,72.0,73.0,34.68,22.6,56.7,25.1,3369.0,3792.0
142,2016.0,2.0,BURSASPOR,GENÇLERBIRLIĞI,3 - 1,16.0,home,69.0,70.0,70.0,70.0,70.0,72.0,71.0,72.0,36.78,24.1,48.98,24.4,2625.0,16106.0
143,2016.0,-3.0,FENERBAHÇE A.Ş.,TRABZONSPOR A.Ş.,0 - 3,16.0,away,73.0,74.0,76.0,74.0,80.0,77.0,78.0,77.0,95.95,23.8,168.68,24.8,17252.0,16485.0
144,2016.0,-1.0,TRABZONSPOR A.Ş.,BURSASPOR,1 - 2,17.0,away,70.0,72.0,71.0,72.0,73.0,74.0,76.0,74.0,48.98,24.4,95.95,23.8,16106.0,17252.0
145,2016.0,-1.0,ÇAYKUR RIZESPOR A.Ş.,AYTEMIZ ALANYASPOR,2 - 3,17.0,away,73.0,70.0,71.0,70.0,76.0,68.0,68.0,69.0,38.68,25.5,34.68,22.6,4541.0,3369.0
146,2016.0,-1.0,GALATASARAY A.Ş.,ATIKER KONYASPOR,0 - 1,17.0,away,72.0,70.0,71.0,71.0,76.0,77.0,74.0,76.0,28.75,25.3,129.35,25.1,15723.0,21351.0
147,2016.0,1.0,AKHISAR BELEDIYE GENÇLIK VE SPOR,KARDEMIR KARABÜKSPOR,1 - 0,17.0,home,71.0,70.0,70.0,70.0,70.0,71.0,71.0,70.0,36.08,25.8,50.2,26.7,4422.0,2501.0
148,2016.0,5.0,KAYSERISPOR,MEDIPOL BAŞAKŞEHIR FK,5 - 0,17.0,home,78.0,75.0,73.0,75.0,73.0,72.0,70.0,71.0,72.95,26.4,45.85,25.0,3208.0,5524.0
149,2016.0,-3.0,ANTALYASPOR A.Ş.,GAZIANTEPSPOR,0 - 3,17.0,away,71.0,69.0,68.0,70.0,81.0,71.0,72.0,71.0,40.55,24.6,41.8,25.4,4236.0,12645.0
150,2016.0,0.0,ADANASPOR A.Ş.,FENERBAHÇE A.Ş.,2 - 2,17.0,Draw,80.0,77.0,78.0,77.0,71.0,67.0,69.0,69.0,168.68,24.8,19.98,23.7,16485.0,4594.0
151,2016.0,3.0,GENÇLERBIRLIĞI,KASIMPAŞA A.Ş.,3 - 0,17.0,home,69.0,71.0,71.0,70.0,69.0,70.0,70.0,70.0,39.5,23.4,36.78,24.1,1416.0,2625.0
152,2016.0,-2.0,BEŞIKTAŞ A.Ş.,OSMANLISPOR FUTBOL KULÜBÜ,0 - 2,17.0,away,74.0,74.0,72.0,73.0,78.0,78.0,76.0,78.0,56.7,25.1,177.4,25.3,3792.0,30448.0
153,2016.0,0.0,KAYSERISPOR,AKHISAR BELEDIYE GENÇLIK VE SPOR,0 - 0,18.0,Draw,70.0,71.0,71.0,70.0,73.0,72.0,70.0,71.0,50.2,26.7,45.85,25.0,2501.0,5524.0
154,2016.0,-1.0,ADANASPOR A.Ş.,BURSASPOR,0 - 1,18.0,away,70.0,72.0,71.0,72.0,71.0,67.0,69.0,69.0,48.98,24.4,19.98,23.7,16106.0,4594.0
155,2016.0,1.0,ÇAYKUR RIZESPOR A.Ş.,ATIKER KONYASPOR,2 - 1,18.0,home,72.0,70.0,71.0,71.0,76.0,68.0,68.0,69.0,28.75,25.3,34.68,22.6,15723.0,3369.0
156,2016.0,1.0,GALATASARAY A.Ş.,KARDEMIR KARABÜKSPOR,2 - 1,18.0,home,71.0,70.0,70.0,70.0,76.0,77.0,74.0,76.0,36.08,25.8,129.35,25.1,4422.0,21351.0
157,2016.0,-1.0,TRABZONSPOR A.Ş.,KASIMPAŞA A.Ş.,0 - 1,18.0,away,69.0,71.0,71.0,70.0,73.0,74.0,76.0,74.0,39.5,23.4,95.95,23.8,1416.0,17252.0
158,2016.0,-1.0,ANTALYASPOR A.Ş.,OSMANLISPOR FUTBOL KULÜBÜ,1 - 2,18.0,away,74.0,74.0,72.0,73.0,81.0,71.0,72.0,71.0,56.7,25.1,41.8,25.4,3792.0,12645.0
159,2016.0,1.0,MEDIPOL BAŞAKŞEHIR FK,FENERBAHÇE A.Ş.,1 - 0,18.0,home,80.0,77.0,78.0,77.0,78.0,75.0,73.0,75.0,168.68,24.8,72.95,26.4,16485.0,3208.0
160,2016.0,-3.0,BEŞIKTAŞ A.Ş.,AYTEMIZ ALANYASPOR,1 - 4,18.0,away,73.0,70.0,71.0,70.0,78.0,78.0,76.0,78.0,38.68,25.5,177.4,25.3,4541.0,30448.0
161,2016.0,-1.0,GENÇLERBIRLIĞI,GAZIANTEPSPOR,0 - 1,18.0,away,71.0,69.0,68.0,70.0,69.0,70.0,70.0,70.0,40.55,24.6,36.78,24.1,4236.0,2625.0
162,2016.0,6.0,AKHISAR BELEDIYE GENÇLIK VE SPOR,GALATASARAY A.Ş.,6 - 0,19.0,home,76.0,77.0,74.0,76.0,70.0,71.0,71.0,70.0,129.35,25.1,50.2,26.7,21351.0,2501.0
163,2016.0,1.0,AYTEMIZ ALANYASPOR,ANTALYASPOR A.Ş.,2 - 1,19.0,home,81.0,71.0,72.0,71.0,73.0,70.0,71.0,70.0,41.8,25.4,38.68,25.5,12645.0,4541.0
164,2016.0,1.0,KARDEMIR KARABÜKSPOR,ÇAYKUR RIZESPOR A.Ş.,1 - 0,19.0,home,76.0,68.0,68.0,69.0,71.0,70.0,70.0,70.0,34.68,22.6,36.08,25.8,3369.0,4422.0
165,2016.0,4.0,GAZIANTEPSPOR,TRABZONSPOR A.Ş.,4 - 0,19.0,home,73.0,74.0,76.0,74.0,71.0,69.0,68.0,70.0,95.95,23.8,40.55,24.6,17252.0,4236.0
166,2016.0,3.0,FENERBAHÇE A.Ş.,KAYSERISPOR,4 - 1,19.0,home,73.0,72.0,70.0,71.0,80.0,77.0,78.0,77.0,45.85,25.0,168.68,24.8,5524.0,16485.0
167,2016.0,1.0,BURSASPOR,MEDIPOL BAŞAKŞEHIR FK,1 - 0,19.0,home,78.0,75.0,73.0,75.0,70.0,72.0,71.0,72.0,72.95,26.4,48.98,24.4,3208.0,16106.0
168,2016.0,0.0,OSMANLISPOR FUTBOL KULÜBÜ,GENÇLERBIRLIĞI,1 - 1,19.0,Draw,69.0,70.0,70.0,70.0,74.0,74.0,72.0,73.0,36.78,24.1,56.7,25.1,2625.0,3792.0
169,2016.0,4.0,ATIKER KONYASPOR,BEŞIKTAŞ A.Ş.,5 - 1,19.0,home,78.0,78.0,76.0,78.0,72.0,70.0,71.0,71.0,177.4,25.3,28.75,25.3,30448.0,15723.0
170,2016.0,3.0,KASIMPAŞA A.Ş.,ADANASPOR A.Ş.,3 - 0,19.0,home,71.0,67.0,69.0,69.0,69.0,71.0,71.0,70.0,19.98,23.7,39.5,23.4,4594.0,1416.0
171,2016.0,1.0,BEŞIKTAŞ A.Ş.,KARDEMIR KARABÜKSPOR,2 - 1,20.0,home,71.0,70.0,70.0,70.0,78.0,78.0,76.0,78.0,36.08,25.8,177.4,25.3,4422.0,30448.0
172,2016.0,0.0,FENERBAHÇE A.Ş.,BURSASPOR,1 - 1,20.0,Draw,70.0,72.0,71.0,72.0,80.0,77.0,78.0,77.0,48.98,24.4,168.68,24.8,16106.0,16485.0
173,2016.0,-1.0,TRABZONSPOR A.Ş.,OSMANLISPOR FUTBOL KULÜBÜ,0 - 1,20.0,away,74.0,74.0,72.0,73.0,73.0,74.0,76.0,74.0,56.7,25.1,95.95,23.8,3792.0,17252.0
174,2016.0,3.0,GENÇLERBIRLIĞI,AYTEMIZ ALANYASPOR,3 - 0,20.0,home,73.0,70.0,71.0,70.0,69.0,70.0,70.0,70.0,38.68,25.5,36.78,24.1,4541.0,2625.0
175,2016.0,4.0,MEDIPOL BAŞAKŞEHIR FK,KASIMPAŞA A.Ş.,4 - 0,20.0,home,69.0,71.0,71.0,70.0,78.0,75.0,73.0,75.0,39.5,23.4,72.95,26.4,1416.0,3208.0
176,2016.0,1.0,ÇAYKUR RIZESPOR A.Ş.,AKHISAR BELEDIYE GENÇLIK VE SPOR,1 - 0,20.0,home,70.0,71.0,71.0,70.0,76.0,68.0,68.0,69.0,50.2,26.7,34.68,22.6,2501.0,3369.0
177,2016.0,-1.0,KAYSERISPOR,GALATASARAY A.Ş.,1 - 2,20.0,away,76.0,77.0,74.0,76.0,73.0,72.0,70.0,71.0,129.35,25.1,45.85,25.0,21351.0,5524.0
178,2016.0,0.0,ANTALYASPOR A.Ş.,ATIKER KONYASPOR,1 - 1,20.0,Draw,72.0,70.0,71.0,71.0,81.0,71.0,72.0,71.0,28.75,25.3,41.8,25.4,15723.0,12645.0
179,2016.0,1.0,ADANASPOR A.Ş.,GAZIANTEPSPOR,1 - 0,20.0,home,71.0,69.0,68.0,70.0,71.0,67.0,69.0,69.0,40.55,24.6,19.98,23.7,4236.0,4594.0
180,2016.0,2.0,BURSASPOR,KAYSERISPOR,2 - 0,21.0,home,73.0,72.0,70.0,71.0,70.0,72.0,71.0,72.0,45.85,25.0,48.98,24.4,5524.0,16106.0
181,2016.0,0.0,GALATASARAY A.Ş.,ÇAYKUR RIZESPOR A.Ş.,1 - 1,21.0,Draw,76.0,68.0,68.0,69.0,76.0,77.0,74.0,76.0,34.68,22.6,129.35,25.1,3369.0,21351.0
182,2016.0,1.0,KARDEMIR KARABÜKSPOR,ANTALYASPOR A.Ş.,1 - 0,21.0,home,81.0,71.0,72.0,71.0,71.0,70.0,70.0,70.0,41.8,25.4,36.08,25.8,12645.0,4422.0
183,2016.0,0.0,GAZIANTEPSPOR,MEDIPOL BAŞAKŞEHIR FK,0 - 0,21.0,Draw,78.0,75.0,73.0,75.0,71.0,69.0,68.0,70.0,72.95,26.4,40.55,24.6,3208.0,4236.0
184,2016.0,2.0,AKHISAR BELEDIYE GENÇLIK VE SPOR,BEŞIKTAŞ A.Ş.,3 - 1,21.0,home,78.0,78.0,76.0,78.0,70.0,71.0,71.0,70.0,177.4,25.3,50.2,26.7,30448.0,2501.0
185,2016.0,0.0,KASIMPAŞA A.Ş.,FENERBAHÇE A.Ş.,0 - 0,21.0,Draw,80.0,77.0,78.0,77.0,69.0,71.0,71.0,70.0,168.68,24.8,39.5,23.4,16485.0,1416.0
186,2016.0,2.0,ATIKER KONYASPOR,GENÇLERBIRLIĞI,2 - 0,21.0,home,69.0,70.0,70.0,70.0,72.0,70.0,71.0,71.0,36.78,24.1,28.75,25.3,2625.0,15723.0
187,2016.0,-4.0,OSMANLISPOR FUTBOL KULÜBÜ,ADANASPOR A.Ş.,1 - 5,21.0,away,71.0,67.0,69.0,69.0,74.0,74.0,72.0,73.0,19.98,23.7,56.7,25.1,4594.0,3792.0
188,2016.0,0.0,AYTEMIZ ALANYASPOR,TRABZONSPOR A.Ş.,0 - 0,21.0,Draw,73.0,74.0,76.0,74.0,73.0,70.0,71.0,70.0,95.95,23.8,38.68,25.5,17252.0,4541.0
189,2016.0,-2.0,KAYSERISPOR,ÇAYKUR RIZESPOR A.Ş.,2 - 4,22.0,away,76.0,68.0,68.0,69.0,73.0,72.0,70.0,71.0,34.68,22.6,45.85,25.0,3369.0,5524.0
190,2016.0,4.0,BURSASPOR,KASIMPAŞA A.Ş.,4 - 0,22.0,home,69.0,71.0,71.0,70.0,70.0,72.0,71.0,72.0,39.5,23.4,48.98,24.4,1416.0,16106.0
191,2016.0,0.0,TRABZONSPOR A.Ş.,ATIKER KONYASPOR,1 - 1,22.0,Draw,72.0,70.0,71.0,71.0,73.0,74.0,76.0,74.0,28.75,25.3,95.95,23.8,15723.0,17252.0
192,2016.0,3.0,ADANASPOR A.Ş.,AYTEMIZ ALANYASPOR,4 - 1,22.0,home,73.0,70.0,71.0,70.0,71.0,67.0,69.0,69.0,38.68,25.5,19.98,23.7,4541.0,4594.0
193,2016.0,3.0,ANTALYASPOR A.Ş.,AKHISAR BELEDIYE GENÇLIK VE SPOR,3 - 0,22.0,home,70.0,71.0,71.0,70.0,81.0,71.0,72.0,71.0,50.2,26.7,41.8,25.4,2501.0,12645.0
194,2016.0,1.0,GENÇLERBIRLIĞI,KARDEMIR KARABÜKSPOR,1 - 0,22.0,home,71.0,70.0,70.0,70.0,69.0,70.0,70.0,70.0,36.08,25.8,36.78,24.1,4422.0,2625.0
195,2016.0,0.0,FENERBAHÇE A.Ş.,GAZIANTEPSPOR,1 - 1,22.0,Draw,71.0,69.0,68.0,70.0,80.0,77.0,78.0,77.0,40.55,24.6,168.68,24.8,4236.0,16485.0
196,2016.0,-1.0,MEDIPOL BAŞAKŞEHIR FK,OSMANLISPOR FUTBOL KULÜBÜ,0 - 1,22.0,away,74.0,74.0,72.0,73.0,78.0,75.0,73.0,75.0,56.7,25.1,72.95,26.4,3792.0,3208.0
197,2016.0,-1.0,BEŞIKTAŞ A.Ş.,GALATASARAY A.Ş.,0 - 1,22.0,away,76.0,77.0,74.0,76.0,78.0,78.0,76.0,78.0,129.35,25.1,177.4,25.3,21351.0,30448.0
198,2016.0,1.0,KARDEMIR KARABÜKSPOR,TRABZONSPOR A.Ş.,1 - 0,23.0,home,73.0,74.0,76.0,74.0,71.0,70.0,70.0,70.0,95.95,23.8,36.08,25.8,17252.0,4422.0
199,2016.0,1.0,GAZIANTEPSPOR,BURSASPOR,2 - 1,23.0,home,70.0,72.0,71.0,72.0,71.0,69.0,68.0,70.0,48.98,24.4,40.55,24.6,16106.0,4236.0
200,2016.0,1.0,ÇAYKUR RIZESPOR A.Ş.,BEŞIKTAŞ A.Ş.,1 - 0,23.0,home,78.0,78.0,76.0,78.0,76.0,68.0,68.0,69.0,177.4,25.3,34.68,22.6,30448.0,3369.0
201,2016.0,-1.0,ATIKER KONYASPOR,ADANASPOR A.Ş.,0 - 1,23.0,away,71.0,67.0,69.0,69.0,72.0,70.0,71.0,71.0,19.98,23.7,28.75,25.3,4594.0,15723.0
202,2016.0,0.0,KASIMPAŞA A.Ş.,KAYSERISPOR,2 - 2,23.0,Draw,73.0,72.0,70.0,71.0,69.0,71.0,71.0,70.0,45.85,25.0,39.5,23.4,5524.0,1416.0
203,2016.0,1.0,AYTEMIZ ALANYASPOR,MEDIPOL BAŞAKŞEHIR FK,2 - 1,23.0,home,78.0,75.0,73.0,75.0,73.0,70.0,71.0,70.0,72.95,26.4,38.68,25.5,3208.0,4541.0
204,2016.0,1.0,OSMANLISPOR FUTBOL KULÜBÜ,FENERBAHÇE A.Ş.,1 - 0,23.0,home,80.0,77.0,78.0,77.0,74.0,74.0,72.0,73.0,168.68,24.8,56.7,25.1,16485.0,3792.0
205,2016.0,2.0,AKHISAR BELEDIYE GENÇLIK VE SPOR,GENÇLERBIRLIĞI,2 - 0,23.0,home,69.0,70.0,70.0,70.0,70.0,71.0,71.0,70.0,36.78,24.1,50.2,26.7,2625.0,2501.0
206,2016.0,-1.0,GALATASARAY A.Ş.,ANTALYASPOR A.Ş.,2 - 3,23.0,away,81.0,71.0,72.0,71.0,76.0,77.0,74.0,76.0,41.8,25.4,129.35,25.1,12645.0,21351.0
207,2016.0,-1.0,FENERBAHÇE A.Ş.,AYTEMIZ ALANYASPOR,2 - 3,24.0,away,73.0,70.0,71.0,70.0,80.0,77.0,78.0,77.0,38.68,25.5,168.68,24.8,4541.0,16485.0
208,2016.0,-2.0,KASIMPAŞA A.Ş.,GAZIANTEPSPOR,0 - 2,24.0,away,71.0,69.0,68.0,70.0,69.0,71.0,71.0,70.0,40.55,24.6,39.5,23.4,4236.0,1416.0
209,2016.0,0.0,BURSASPOR,OSMANLISPOR FUTBOL KULÜBÜ,1 - 1,24.0,Draw,74.0,74.0,72.0,73.0,70.0,72.0,71.0,72.0,56.7,25.1,48.98,24.4,3792.0,16106.0
210,2016.0,1.0,GENÇLERBIRLIĞI,GALATASARAY A.Ş.,3 - 2,24.0,home,76.0,77.0,74.0,76.0,69.0,70.0,70.0,70.0,129.35,25.1,36.78,24.1,21351.0,2625.0
211,2016.0,2.0,ADANASPOR A.Ş.,KARDEMIR KARABÜKSPOR,2 - 0,24.0,home,71.0,70.0,70.0,70.0,71.0,67.0,69.0,69.0,36.08,25.8,19.98,23.7,4422.0,4594.0
212,2016.0,-1.0,ANTALYASPOR A.Ş.,ÇAYKUR RIZESPOR A.Ş.,1 - 2,24.0,away,76.0,68.0,68.0,69.0,81.0,71.0,72.0,71.0,34.68,22.6,41.8,25.4,3369.0,12645.0
213,2016.0,0.0,KAYSERISPOR,BEŞIKTAŞ A.Ş.,2 - 2,24.0,Draw,78.0,78.0,76.0,78.0,73.0,72.0,70.0,71.0,177.4,25.3,45.85,25.0,30448.0,5524.0
214,2016.0,-3.0,MEDIPOL BAŞAKŞEHIR FK,ATIKER KONYASPOR,0 - 3,24.0,away,72.0,70.0,71.0,71.0,78.0,75.0,73.0,75.0,28.75,25.3,72.95,26.4,15723.0,3208.0
215,2016.0,-2.0,TRABZONSPOR A.Ş.,AKHISAR BELEDIYE GENÇLIK VE SPOR,1 - 3,24.0,away,70.0,71.0,71.0,70.0,73.0,74.0,76.0,74.0,50.2,26.7,95.95,23.8,2501.0,17252.0
216,2016.0,-1.0,ATIKER KONYASPOR,FENERBAHÇE A.Ş.,2 - 3,25.0,away,80.0,77.0,78.0,77.0,72.0,70.0,71.0,71.0,168.68,24.8,28.75,25.3,16485.0,15723.0
217,2016.0,2.0,GALATASARAY A.Ş.,TRABZONSPOR A.Ş.,2 - 0,25.0,home,73.0,74.0,76.0,74.0,76.0,77.0,74.0,76.0,95.95,23.8,129.35,25.1,17252.0,21351.0
218,2016.0,1.0,AKHISAR BELEDIYE GENÇLIK VE SPOR,ADANASPOR A.Ş.,2 - 1,25.0,home,71.0,67.0,69.0,69.0,70.0,71.0,71.0,70.0,19.98,23.7,50.2,26.7,4594.0,2501.0
219,2016.0,-1.0,GAZIANTEPSPOR,KAYSERISPOR,3 - 4,25.0,away,73.0,72.0,70.0,71.0,71.0,69.0,68.0,70.0,45.85,25.0,40.55,24.6,5524.0,4236.0
220,2016.0,1.0,OSMANLISPOR FUTBOL KULÜBÜ,KASIMPAŞA A.Ş.,3 - 2,25.0,home,69.0,71.0,71.0,70.0,74.0,74.0,72.0,73.0,39.5,23.4,56.7,25.1,1416.0,3792.0
221,2016.0,0.0,BEŞIKTAŞ A.Ş.,ANTALYASPOR A.Ş.,0 - 0,25.0,Draw,81.0,71.0,72.0,71.0,78.0,78.0,76.0,78.0,41.8,25.4,177.4,25.3,12645.0,30448.0
222,2016.0,-2.0,AYTEMIZ ALANYASPOR,BURSASPOR,1 - 3,25.0,away,70.0,72.0,71.0,72.0,73.0,70.0,71.0,70.0,48.98,24.4,38.68,25.5,16106.0,4541.0
223,2016.0,0.0,KARDEMIR KARABÜKSPOR,MEDIPOL BAŞAKŞEHIR FK,3 - 3,25.0,Draw,78.0,75.0,73.0,75.0,71.0,70.0,70.0,70.0,72.95,26.4,36.08,25.8,3208.0,4422.0
224,2016.0,1.0,ÇAYKUR RIZESPOR A.Ş.,GENÇLERBIRLIĞI,1 - 0,25.0,home,69.0,70.0,70.0,70.0,76.0,68.0,68.0,69.0,36.78,24.1,34.68,22.6,2625.0,3369.0
225,2016.0,1.0,MEDIPOL BAŞAKŞEHIR FK,AKHISAR BELEDIYE GENÇLIK VE SPOR,2 - 1,26.0,home,70.0,71.0,71.0,70.0,78.0,75.0,73.0,75.0,50.2,26.7,72.95,26.4,2501.0,3208.0
226,2016.0,2.0,KASIMPAŞA A.Ş.,AYTEMIZ ALANYASPOR,3 - 1,26.0,home,73.0,70.0,71.0,70.0,69.0,71.0,71.0,70.0,38.68,25.5,39.5,23.4,4541.0,1416.0
227,2016.0,-1.0,FENERBAHÇE A.Ş.,KARDEMIR KARABÜKSPOR,0 - 1,26.0,away,71.0,70.0,70.0,70.0,80.0,77.0,78.0,77.0,36.08,25.8,168.68,24.8,4422.0,16485.0
228,2016.0,1.0,KAYSERISPOR,ANTALYASPOR A.Ş.,2 - 1,26.0,home,81.0,71.0,72.0,71.0,73.0,72.0,70.0,71.0,41.8,25.4,45.85,25.0,12645.0,5524.0
229,2016.0,-2.0,GAZIANTEPSPOR,OSMANLISPOR FUTBOL KULÜBÜ,0 - 2,26.0,away,74.0,74.0,72.0,73.0,71.0,69.0,68.0,70.0,56.7,25.1,40.55,24.6,3792.0,4236.0
230,2016.0,3.0,GENÇLERBIRLIĞI,BEŞIKTAŞ A.Ş.,3 - 0,26.0,home,78.0,78.0,76.0,78.0,69.0,70.0,70.0,70.0,177.4,25.3,36.78,24.1,30448.0,2625.0
231,2016.0,2.0,BURSASPOR,ATIKER KONYASPOR,2 - 0,26.0,home,72.0,70.0,71.0,71.0,70.0,72.0,71.0,72.0,28.75,25.3,48.98,24.4,15723.0,16106.0
232,2016.0,-1.0,TRABZONSPOR A.Ş.,ÇAYKUR RIZESPOR A.Ş.,0 - 1,26.0,away,76.0,68.0,68.0,69.0,73.0,74.0,76.0,74.0,34.68,22.6,95.95,23.8,3369.0,17252.0
233,2016.0,4.0,ADANASPOR A.Ş.,GALATASARAY A.Ş.,4 - 0,26.0,home,76.0,77.0,74.0,76.0,71.0,67.0,69.0,69.0,129.35,25.1,19.98,23.7,21351.0,4594.0
234,2016.0,3.0,KARDEMIR KARABÜKSPOR,BURSASPOR,3 - 0,27.0,home,70.0,72.0,71.0,72.0,71.0,70.0,70.0,70.0,48.98,24.4,36.08,25.8,16106.0,4422.0
235,2016.0,-1.0,AYTEMIZ ALANYASPOR,GAZIANTEPSPOR,2 - 3,27.0,away,71.0,69.0,68.0,70.0,73.0,70.0,71.0,70.0,40.55,24.6,38.68,25.5,4236.0,4541.0
236,2016.0,0.0,ANTALYASPOR A.Ş.,GENÇLERBIRLIĞI,1 - 1,27.0,Draw,69.0,70.0,70.0,70.0,81.0,71.0,72.0,71.0,36.78,24.1,41.8,25.4,2625.0,12645.0
237,2016.0,-1.0,BEŞIKTAŞ A.Ş.,TRABZONSPOR A.Ş.,3 - 4,27.0,away,73.0,74.0,76.0,74.0,78.0,78.0,76.0,78.0,95.95,23.8,177.4,25.3,17252.0,30448.0
238,2016.0,2.0,AKHISAR BELEDIYE GENÇLIK VE SPOR,FENERBAHÇE A.Ş.,3 - 1,27.0,home,80.0,77.0,78.0,77.0,70.0,71.0,71.0,70.0,168.68,24.8,50.2,26.7,16485.0,2501.0
239,2016.0,-2.0,ÇAYKUR RIZESPOR A.Ş.,ADANASPOR A.Ş.,1 - 3,27.0,away,71.0,67.0,69.0,69.0,76.0,68.0,68.0,69.0,19.98,23.7,34.68,22.6,4594.0,3369.0
240,2016.0,-3.0,OSMANLISPOR FUTBOL KULÜBÜ,KAYSERISPOR,1 - 4,27.0,away,73.0,72.0,70.0,71.0,74.0,74.0,72.0,73.0,45.85,25.0,56.7,25.1,5524.0,3792.0
241,2016.0,4.0,GALATASARAY A.Ş.,MEDIPOL BAŞAKŞEHIR FK,4 - 0,27.0,home,78.0,75.0,73.0,75.0,76.0,77.0,74.0,76.0,72.95,26.4,129.35,25.1,3208.0,21351.0
242,2016.0,0.0,ATIKER KONYASPOR,KASIMPAŞA A.Ş.,1 - 1,27.0,Draw,69.0,71.0,71.0,70.0,72.0,70.0,71.0,71.0,39.5,23.4,28.75,25.3,1416.0,15723.0
243,2016.0,-1.0,GAZIANTEPSPOR,ATIKER KONYASPOR,1 - 2,28.0,away,72.0,70.0,71.0,71.0,71.0,69.0,68.0,70.0,28.75,25.3,40.55,24.6,15723.0,4236.0
244,2016.0,0.0,KASIMPAŞA A.Ş.,KARDEMIR KARABÜKSPOR,0 - 0,28.0,Draw,71.0,70.0,70.0,70.0,69.0,71.0,71.0,70.0,36.08,25.8,39.5,23.4,4422.0,1416.0
245,2016.0,1.0,KAYSERISPOR,GENÇLERBIRLIĞI,2 - 1,28.0,home,69.0,70.0,70.0,70.0,73.0,72.0,70.0,71.0,36.78,24.1,45.85,25.0,2625.0,5524.0
246,2016.0,-3.0,TRABZONSPOR A.Ş.,ANTALYASPOR A.Ş.,0 - 3,28.0,away,81.0,71.0,72.0,71.0,73.0,74.0,76.0,74.0,41.8,25.4,95.95,23.8,12645.0,17252.0
247,2016.0,-1.0,OSMANLISPOR FUTBOL KULÜBÜ,AYTEMIZ ALANYASPOR,0 - 1,28.0,away,73.0,70.0,71.0,70.0,74.0,74.0,72.0,73.0,38.68,25.5,56.7,25.1,4541.0,3792.0
248,2016.0,0.0,MEDIPOL BAŞAKŞEHIR FK,ÇAYKUR RIZESPOR A.Ş.,3 - 3,28.0,Draw,76.0,68.0,68.0,69.0,78.0,75.0,73.0,75.0,34.68,22.6,72.95,26.4,3369.0,3208.0
249,2016.0,-1.0,FENERBAHÇE A.Ş.,GALATASARAY A.Ş.,0 - 1,28.0,away,76.0,77.0,74.0,76.0,80.0,77.0,78.0,77.0,129.35,25.1,168.68,24.8,21351.0,16485.0
250,2016.0,4.0,BURSASPOR,AKHISAR BELEDIYE GENÇLIK VE SPOR,5 - 1,28.0,home,70.0,71.0,71.0,70.0,70.0,72.0,71.0,72.0,50.2,26.7,48.98,24.4,2501.0,16106.0
251,2016.0,1.0,ADANASPOR A.Ş.,BEŞIKTAŞ A.Ş.,3 - 2,28.0,home,78.0,78.0,76.0,78.0,71.0,67.0,69.0,69.0,177.4,25.3,19.98,23.7,30448.0,4594.0
252,2016.0,0.0,KARDEMIR KARABÜKSPOR,GAZIANTEPSPOR,0 - 0,29.0,Draw,71.0,69.0,68.0,70.0,71.0,70.0,70.0,70.0,40.55,24.6,36.08,25.8,4236.0,4422.0
253,2016.0,3.0,AYTEMIZ ALANYASPOR,KAYSERISPOR,3 - 0,29.0,home,73.0,72.0,70.0,71.0,73.0,70.0,71.0,70.0,45.85,25.0,38.68,25.5,5524.0,4541.0
254,2016.0,0.0,GENÇLERBIRLIĞI,TRABZONSPOR A.Ş.,0 - 0,29.0,Draw,73.0,74.0,76.0,74.0,69.0,70.0,70.0,70.0,95.95,23.8,36.78,24.1,17252.0,2625.0
255,2016.0,1.0,ÇAYKUR RIZESPOR A.Ş.,FENERBAHÇE A.Ş.,2 - 1,29.0,home,80.0,77.0,78.0,77.0,76.0,68.0,68.0,69.0,168.68,24.8,34.68,22.6,16485.0,3369.0
256,2016.0,-3.0,ANTALYASPOR A.Ş.,ADANASPOR A.Ş.,2 - 5,29.0,away,71.0,67.0,69.0,69.0,81.0,71.0,72.0,71.0,19.98,23.7,41.8,25.4,4594.0,12645.0
257,2016.0,-2.0,AKHISAR BELEDIYE GENÇLIK VE SPOR,KASIMPAŞA A.Ş.,0 - 2,29.0,away,69.0,71.0,71.0,70.0,70.0,71.0,71.0,70.0,39.5,23.4,50.2,26.7,1416.0,2501.0
258,2016.0,2.0,BEŞIKTAŞ A.Ş.,MEDIPOL BAŞAKŞEHIR FK,3 - 1,29.0,home,78.0,75.0,73.0,75.0,78.0,78.0,76.0,78.0,72.95,26.4,177.4,25.3,3208.0,30448.0
259,2016.0,-5.0,GALATASARAY A.Ş.,BURSASPOR,0 - 5,29.0,away,70.0,72.0,71.0,72.0,76.0,77.0,74.0,76.0,48.98,24.4,129.35,25.1,16106.0,21351.0
260,2016.0,0.0,ATIKER KONYASPOR,OSMANLISPOR FUTBOL KULÜBÜ,0 - 0,29.0,Draw,74.0,74.0,72.0,73.0,72.0,70.0,71.0,71.0,56.7,25.1,28.75,25.3,3792.0,15723.0
261,2016.0,-1.0,MEDIPOL BAŞAKŞEHIR FK,ANTALYASPOR A.Ş.,0 - 1,30.0,away,81.0,71.0,72.0,71.0,78.0,75.0,73.0,75.0,41.8,25.4,72.95,26.4,12645.0,3208.0
262,2016.0,-1.0,ADANASPOR A.Ş.,GENÇLERBIRLIĞI,0 - 1,30.0,away,69.0,70.0,70.0,70.0,71.0,67.0,69.0,69.0,36.78,24.1,19.98,23.7,2625.0,4594.0
263,2016.0,-1.0,KAYSERISPOR,TRABZONSPOR A.Ş.,2 - 3,30.0,away,73.0,74.0,76.0,74.0,73.0,72.0,70.0,71.0,95.95,23.8,45.85,25.0,17252.0,5524.0
264,2016.0,-1.0,AYTEMIZ ALANYASPOR,ATIKER KONYASPOR,2 - 3,30.0,away,72.0,70.0,71.0,71.0,73.0,70.0,71.0,70.0,28.75,25.3,38.68,25.5,15723.0,4541.0
265,2016.0,-2.0,KASIMPAŞA A.Ş.,GALATASARAY A.Ş.,1 - 3,30.0,away,76.0,77.0,74.0,76.0,69.0,71.0,71.0,70.0,129.35,25.1,39.5,23.4,21351.0,1416.0
266,2016.0,0.0,FENERBAHÇE A.Ş.,BEŞIKTAŞ A.Ş.,1 - 1,30.0,Draw,78.0,78.0,76.0,78.0,80.0,77.0,78.0,77.0,177.4,25.3,168.68,24.8,30448.0,16485.0
267,2016.0,6.0,BURSASPOR,ÇAYKUR RIZESPOR A.Ş.,6 - 0,30.0,home,76.0,68.0,68.0,69.0,70.0,72.0,71.0,72.0,34.68,22.6,48.98,24.4,3369.0,16106.0
268,2016.0,6.0,GAZIANTEPSPOR,AKHISAR BELEDIYE GENÇLIK VE SPOR,6 - 0,30.0,home,70.0,71.0,71.0,70.0,71.0,69.0,68.0,70.0,50.2,26.7,40.55,24.6,2501.0,4236.0
269,2016.0,1.0,OSMANLISPOR FUTBOL KULÜBÜ,KARDEMIR KARABÜKSPOR,1 - 0,30.0,home,71.0,70.0,70.0,70.0,74.0,74.0,72.0,73.0,36.08,25.8,56.7,25.1,4422.0,3792.0
270,2016.0,1.0,ATIKER KONYASPOR,KAYSERISPOR,2 - 1,31.0,home,73.0,72.0,70.0,71.0,72.0,70.0,71.0,71.0,45.85,25.0,28.75,25.3,5524.0,15723.0
271,2016.0,2.0,ÇAYKUR RIZESPOR A.Ş.,KASIMPAŞA A.Ş.,4 - 2,31.0,home,69.0,71.0,71.0,70.0,76.0,68.0,68.0,69.0,39.5,23.4,34.68,22.6,1416.0,3369.0
272,2016.0,1.0,GENÇLERBIRLIĞI,MEDIPOL BAŞAKŞEHIR FK,2 - 1,31.0,home,78.0,75.0,73.0,75.0,69.0,70.0,70.0,70.0,72.95,26.4,36.78,24.1,3208.0,2625.0
273,2016.0,0.0,TRABZONSPOR A.Ş.,ADANASPOR A.Ş.,1 - 1,31.0,Draw,71.0,67.0,69.0,69.0,73.0,74.0,76.0,74.0,19.98,23.7,95.95,23.8,4594.0,17252.0
274,2016.0,-1.0,ANTALYASPOR A.Ş.,FENERBAHÇE A.Ş.,0 - 1,31.0,away,80.0,77.0,78.0,77.0,81.0,71.0,72.0,71.0,168.68,24.8,41.8,25.4,16485.0,12645.0
275,2016.0,2.0,KARDEMIR KARABÜKSPOR,AYTEMIZ ALANYASPOR,4 - 2,31.0,home,73.0,70.0,71.0,70.0,71.0,70.0,70.0,70.0,38.68,25.5,36.08,25.8,4541.0,4422.0
276,2016.0,-4.0,AKHISAR BELEDIYE GENÇLIK VE SPOR,OSMANLISPOR FUTBOL KULÜBÜ,0 - 4,31.0,away,74.0,74.0,72.0,73.0,70.0,71.0,71.0,70.0,56.7,25.1,50.2,26.7,3792.0,2501.0
277,2016.0,-1.0,GALATASARAY A.Ş.,GAZIANTEPSPOR,1 - 2,31.0,away,71.0,69.0,68.0,70.0,76.0,77.0,74.0,76.0,40.55,24.6,129.35,25.1,4236.0,21351.0
278,2016.0,-2.0,BEŞIKTAŞ A.Ş.,BURSASPOR,0 - 2,31.0,away,70.0,72.0,71.0,72.0,78.0,78.0,76.0,78.0,48.98,24.4,177.4,25.3,16106.0,30448.0
279,2016.0,2.0,OSMANLISPOR FUTBOL KULÜBÜ,GALATASARAY A.Ş.,2 - 0,32.0,home,76.0,77.0,74.0,76.0,74.0,74.0,72.0,73.0,129.35,25.1,56.7,25.1,21351.0,3792.0
280,2016.0,2.0,GAZIANTEPSPOR,ÇAYKUR RIZESPOR A.Ş.,2 - 0,32.0,home,76.0,68.0,68.0,69.0,71.0,69.0,68.0,70.0,34.68,22.6,40.55,24.6,3369.0,4236.0
281,2016.0,3.0,KASIMPAŞA A.Ş.,BEŞIKTAŞ A.Ş.,4 - 1,32.0,home,78.0,78.0,76.0,78.0,69.0,71.0,71.0,70.0,177.4,25.3,39.5,23.4,30448.0,1416.0
282,2016.0,0.0,ADANASPOR A.Ş.,KAYSERISPOR,1 - 1,32.0,Draw,73.0,72.0,70.0,71.0,71.0,67.0,69.0,69.0,45.85,25.0,19.98,23.7,5524.0,4594.0
283,2016.0,1.0,BURSASPOR,ANTALYASPOR A.Ş.,2 - 1,32.0,home,81.0,71.0,72.0,71.0,70.0,72.0,71.0,72.0,41.8,25.4,48.98,24.4,12645.0,16106.0
284,2016.0,3.0,KARDEMIR KARABÜKSPOR,ATIKER KONYASPOR,3 - 0,32.0,home,72.0,70.0,71.0,71.0,71.0,70.0,70.0,70.0,28.75,25.3,36.08,25.8,15723.0,4422.0
285,2016.0,0.0,MEDIPOL BAŞAKŞEHIR FK,TRABZONSPOR A.Ş.,0 - 0,32.0,Draw,73.0,74.0,76.0,74.0,78.0,75.0,73.0,75.0,95.95,23.8,72.95,26.4,17252.0,3208.0
286,2016.0,3.0,AYTEMIZ ALANYASPOR,AKHISAR BELEDIYE GENÇLIK VE SPOR,3 - 0,32.0,home,70.0,71.0,71.0,70.0,73.0,70.0,71.0,70.0,50.2,26.7,38.68,25.5,2501.0,4541.0
287,2016.0,-1.0,FENERBAHÇE A.Ş.,GENÇLERBIRLIĞI,1 - 2,32.0,away,69.0,70.0,70.0,70.0,80.0,77.0,78.0,77.0,36.78,24.1,168.68,24.8,2625.0,16485.0
288,2016.0,0.0,TRABZONSPOR A.Ş.,FENERBAHÇE A.Ş.,1 - 1,33.0,Draw,80.0,77.0,78.0,77.0,73.0,74.0,76.0,74.0,168.68,24.8,95.95,23.8,16485.0,17252.0
289,2016.0,1.0,ADANASPOR A.Ş.,MEDIPOL BAŞAKŞEHIR FK,2 - 1,33.0,home,78.0,75.0,73.0,75.0,71.0,67.0,69.0,69.0,72.95,26.4,19.98,23.7,3208.0,4594.0
290,2016.0,-3.0,ANTALYASPOR A.Ş.,KASIMPAŞA A.Ş.,0 - 3,33.0,away,69.0,71.0,71.0,70.0,81.0,71.0,72.0,71.0,39.5,23.4,41.8,25.4,1416.0,12645.0
291,2016.0,-3.0,AKHISAR BELEDIYE GENÇLIK VE SPOR,ATIKER KONYASPOR,0 - 3,33.0,away,72.0,70.0,71.0,71.0,70.0,71.0,71.0,70.0,28.75,25.3,50.2,26.7,15723.0,2501.0
292,2016.0,0.0,KAYSERISPOR,KARDEMIR KARABÜKSPOR,2 - 2,33.0,Draw,71.0,70.0,70.0,70.0,73.0,72.0,70.0,71.0,36.08,25.8,45.85,25.0,4422.0,5524.0
293,2016.0,-4.0,BEŞIKTAŞ A.Ş.,GAZIANTEPSPOR,0 - 4,33.0,away,71.0,69.0,68.0,70.0,78.0,78.0,76.0,78.0,40.55,24.6,177.4,25.3,4236.0,30448.0
294,2016.0,-1.0,GENÇLERBIRLIĞI,BURSASPOR,1 - 2,33.0,away,70.0,72.0,71.0,72.0,69.0,70.0,70.0,70.0,48.98,24.4,36.78,24.1,16106.0,2625.0
295,2016.0,-1.0,ÇAYKUR RIZESPOR A.Ş.,OSMANLISPOR FUTBOL KULÜBÜ,1 - 2,33.0,away,74.0,74.0,72.0,73.0,76.0,68.0,68.0,69.0,56.7,25.1,34.68,22.6,3792.0,3369.0
296,2016.0,-1.0,GALATASARAY A.Ş.,AYTEMIZ ALANYASPOR,2 - 3,33.0,away,73.0,70.0,71.0,70.0,76.0,77.0,74.0,76.0,38.68,25.5,129.35,25.1,4541.0,21351.0
297,2016.0,3.0,GAZIANTEPSPOR,ANTALYASPOR A.Ş.,4 - 1,34.0,home,81.0,71.0,72.0,71.0,71.0,69.0,68.0,70.0,41.8,25.4,40.55,24.6,12645.0,4236.0
298,2016.0,-1.0,KARDEMIR KARABÜKSPOR,AKHISAR BELEDIYE GENÇLIK VE SPOR,2 - 3,34.0,away,70.0,71.0,71.0,70.0,71.0,70.0,70.0,70.0,50.2,26.7,36.08,25.8,2501.0,4422.0
299,2016.0,1.0,KASIMPAŞA A.Ş.,GENÇLERBIRLIĞI,1 - 0,34.0,home,69.0,70.0,70.0,70.0,69.0,71.0,71.0,70.0,36.78,24.1,39.5,23.4,2625.0,1416.0
300,2016.0,1.0,AYTEMIZ ALANYASPOR,ÇAYKUR RIZESPOR A.Ş.,1 - 0,34.0,home,76.0,68.0,68.0,69.0,73.0,70.0,71.0,70.0,34.68,22.6,38.68,25.5,3369.0,4541.0
301,2016.0,-1.0,BURSASPOR,TRABZONSPOR A.Ş.,1 - 2,34.0,away,73.0,74.0,76.0,74.0,70.0,72.0,71.0,72.0,95.95,23.8,48.98,24.4,17252.0,16106.0
302,2016.0,1.0,ATIKER KONYASPOR,GALATASARAY A.Ş.,2 - 1,34.0,home,76.0,77.0,74.0,76.0,72.0,70.0,71.0,71.0,129.35,25.1,28.75,25.3,21351.0,15723.0
303,2016.0,-2.0,FENERBAHÇE A.Ş.,ADANASPOR A.Ş.,1 - 3,34.0,away,71.0,67.0,69.0,69.0,80.0,77.0,78.0,77.0,19.98,23.7,168.68,24.8,4594.0,16485.0
304,2016.0,-1.0,MEDIPOL BAŞAKŞEHIR FK,KAYSERISPOR,0 - 1,34.0,away,73.0,72.0,70.0,71.0,78.0,75.0,73.0,75.0,45.85,25.0,72.95,26.4,5524.0,3208.0
305,2016.0,4.0,OSMANLISPOR FUTBOL KULÜBÜ,BEŞIKTAŞ A.Ş.,4 - 0,34.0,home,78.0,78.0,76.0,78.0,74.0,74.0,72.0,73.0,177.4,25.3,56.7,25.1,30448.0,3792.0
306,2015.0,2.0,ESKIŞEHIRSPOR,FENERBAHÇE A.Ş.,2 - 0,1.0,home,79.0,76.0,76.0,77.0,68.0,68.0,68.0,68.0,195.38,24.5,48.63,23.9,28589.0,6815.0
307,2015.0,-1.0,ANTALYASPOR A.Ş.,MEDIPOL BAŞAKŞEHIR FK,2 - 3,1.0,away,69.0,72.0,71.0,71.0,73.0,69.0,69.0,71.0,48.0,26.3,48.95,25.1,2716.0,9362.0
308,2015.0,1.0,BURSASPOR,TRABZONSPOR A.Ş.,1 - 0,1.0,home,76.0,70.0,72.0,73.0,71.0,72.0,72.0,72.0,128.6,23.5,89.38,23.9,7696.0,11245.0
309,2015.0,0.0,GALATASARAY A.Ş.,MEDICANA SIVASSPOR,2 - 2,1.0,Draw,67.0,67.0,69.0,68.0,70.0,75.0,73.0,75.0,42.05,27.0,136.0,25.6,4881.0,18996.0
310,2015.0,-3.0,BEŞIKTAŞ A.Ş.,MERSIN IDMANYURDU,2 - 5,1.0,away,72.0,67.0,66.0,67.0,79.0,77.0,75.0,77.0,22.7,25.0,135.3,24.5,5116.0,18668.0
311,2015.0,0.0,KAYSERISPOR,OSMANLISPOR FUTBOL KULÜBÜ,1 - 1,1.0,Draw,71.0,72.0,69.0,71.0,71.0,69.0,68.0,69.0,43.43,26.6,35.55,24.4,4186.0,4251.0
312,2015.0,-3.0,KASIMPAŞA A.Ş.,GAZIANTEPSPOR,0 - 3,1.0,away,69.0,68.0,69.0,69.0,72.0,69.0,71.0,70.0,36.68,23.5,48.7,25.1,3065.0,1950.0
313,2015.0,0.0,AKHISAR BELEDIYE GENÇLIK VE SPOR,TORKU KONYASPOR,1 - 1,1.0,Draw,69.0,72.0,69.0,70.0,71.0,70.0,69.0,70.0,33.7,25.8,35.95,26.9,15871.0,2394.0
314,2015.0,-1.0,ÇAYKUR RIZESPOR A.Ş.,GENÇLERBIRLIĞI,2 - 3,1.0,away,74.0,70.0,70.0,70.0,71.0,68.0,69.0,69.0,42.85,25.4,32.63,24.3,2565.0,3314.0
315,2015.0,1.0,MEDIPOL BAŞAKŞEHIR FK,KASIMPAŞA A.Ş.,1 - 0,2.0,home,72.0,69.0,71.0,70.0,69.0,72.0,71.0,71.0,48.7,25.1,48.0,26.3,1950.0,2716.0
316,2015.0,-1.0,TRABZONSPOR A.Ş.,BEŞIKTAŞ A.Ş.,1 - 2,2.0,away,79.0,77.0,75.0,77.0,76.0,70.0,72.0,73.0,135.3,24.5,128.6,23.5,18668.0,7696.0
317,2015.0,0.0,TORKU KONYASPOR,KAYSERISPOR,1 - 1,2.0,Draw,71.0,69.0,68.0,69.0,69.0,72.0,69.0,70.0,35.55,24.4,33.7,25.8,4251.0,15871.0
318,2015.0,2.0,MERSIN IDMANYURDU,AKHISAR BELEDIYE GENÇLIK VE SPOR,2 - 0,2.0,home,71.0,70.0,69.0,70.0,72.0,67.0,66.0,67.0,35.95,26.9,22.7,25.0,2394.0,5116.0
319,2015.0,-1.0,GAZIANTEPSPOR,BURSASPOR,0 - 1,2.0,away,71.0,72.0,72.0,72.0,69.0,68.0,69.0,69.0,89.38,23.9,36.68,23.5,11245.0,3065.0
320,2015.0,2.0,MEDICANA SIVASSPOR,ESKIŞEHIRSPOR,4 - 2,2.0,home,68.0,68.0,68.0,68.0,67.0,67.0,69.0,68.0,48.63,23.9,42.05,27.0,6815.0,4881.0
321,2015.0,0.0,FENERBAHÇE A.Ş.,ÇAYKUR RIZESPOR A.Ş.,1 - 1,2.0,Draw,71.0,68.0,69.0,69.0,79.0,76.0,76.0,77.0,32.63,24.3,195.38,24.5,3314.0,28589.0
322,2015.0,2.0,GENÇLERBIRLIĞI,ANTALYASPOR A.Ş.,3 - 1,2.0,home,73.0,69.0,69.0,71.0,74.0,70.0,70.0,70.0,48.95,25.1,42.85,25.4,9362.0,2565.0
323,2015.0,-1.0,OSMANLISPOR FUTBOL KULÜBÜ,GALATASARAY A.Ş.,1 - 2,2.0,away,70.0,75.0,73.0,75.0,71.0,72.0,69.0,71.0,136.0,25.6,43.43,26.6,18996.0,4186.0
324,2015.0,-4.0,BEŞIKTAŞ A.Ş.,GAZIANTEPSPOR,0 - 4,3.0,away,69.0,68.0,69.0,69.0,79.0,77.0,75.0,77.0,36.68,23.5,135.3,24.5,3065.0,18668.0
325,2015.0,-3.0,GALATASARAY A.Ş.,TORKU KONYASPOR,1 - 4,3.0,away,69.0,72.0,69.0,70.0,70.0,75.0,73.0,75.0,33.7,25.8,136.0,25.6,15871.0,18996.0
326,2015.0,1.0,BURSASPOR,MEDIPOL BAŞAKŞEHIR FK,2 - 1,3.0,home,69.0,72.0,71.0,71.0,71.0,72.0,72.0,72.0,48.0,26.3,89.38,23.9,2716.0,11245.0
327,2015.0,-1.0,KAYSERISPOR,MERSIN IDMANYURDU,1 - 2,3.0,away,72.0,67.0,66.0,67.0,71.0,69.0,68.0,69.0,22.7,25.0,35.55,24.4,5116.0,4251.0
328,2015.0,1.0,KASIMPAŞA A.Ş.,GENÇLERBIRLIĞI,1 - 0,3.0,home,74.0,70.0,70.0,70.0,72.0,69.0,71.0,70.0,42.85,25.4,48.7,25.1,2565.0,1950.0
329,2015.0,1.0,ANTALYASPOR A.Ş.,FENERBAHÇE A.Ş.,2 - 1,3.0,home,79.0,76.0,76.0,77.0,73.0,69.0,69.0,71.0,195.38,24.5,48.95,25.1,28589.0,9362.0
330,2015.0,0.0,AKHISAR BELEDIYE GENÇLIK VE SPOR,TRABZONSPOR A.Ş.,2 - 2,3.0,Draw,76.0,70.0,72.0,73.0,71.0,70.0,69.0,70.0,128.6,23.5,35.95,26.9,7696.0,2394.0
331,2015.0,0.0,ÇAYKUR RIZESPOR A.Ş.,ESKIŞEHIRSPOR,1 - 1,3.0,Draw,68.0,68.0,68.0,68.0,71.0,68.0,69.0,69.0,48.63,23.9,32.63,24.3,6815.0,3314.0
332,2015.0,0.0,OSMANLISPOR FUTBOL KULÜBÜ,MEDICANA SIVASSPOR,1 - 1,3.0,Draw,67.0,67.0,69.0,68.0,71.0,72.0,69.0,71.0,42.05,27.0,43.43,26.6,4881.0,4186.0
333,2015.0,1.0,GENÇLERBIRLIĞI,BURSASPOR,3 - 2,4.0,home,71.0,72.0,72.0,72.0,74.0,70.0,70.0,70.0,89.38,23.9,42.85,25.4,11245.0,2565.0
334,2015.0,0.0,GAZIANTEPSPOR,AKHISAR BELEDIYE GENÇLIK VE SPOR,0 - 0,4.0,Draw,71.0,70.0,69.0,70.0,69.0,68.0,69.0,69.0,35.95,26.9,36.68,23.5,2394.0,3065.0
335,2015.0,0.0,MERSIN IDMANYURDU,GALATASARAY A.Ş.,1 - 1,4.0,Draw,70.0,75.0,73.0,75.0,72.0,67.0,66.0,67.0,136.0,25.6,22.7,25.0,18996.0,5116.0
336,2015.0,2.0,ESKIŞEHIRSPOR,ANTALYASPOR A.Ş.,2 - 0,4.0,home,73.0,69.0,69.0,71.0,68.0,68.0,68.0,68.0,48.95,25.1,48.63,23.9,9362.0,6815.0
337,2015.0,0.0,MEDICANA SIVASSPOR,ÇAYKUR RIZESPOR A.Ş.,1 - 1,4.0,Draw,71.0,68.0,69.0,69.0,67.0,67.0,69.0,68.0,32.63,24.3,42.05,27.0,3314.0,4881.0
338,2015.0,-1.0,FENERBAHÇE A.Ş.,KASIMPAŞA A.Ş.,0 - 1,4.0,away,72.0,69.0,71.0,70.0,79.0,76.0,76.0,77.0,48.7,25.1,195.38,24.5,1950.0,28589.0
339,2015.0,-1.0,TORKU KONYASPOR,OSMANLISPOR FUTBOL KULÜBÜ,1 - 2,4.0,away,71.0,72.0,69.0,71.0,69.0,72.0,69.0,70.0,43.43,26.6,33.7,25.8,4186.0,15871.0
340,2015.0,2.0,MEDIPOL BAŞAKŞEHIR FK,BEŞIKTAŞ A.Ş.,2 - 0,4.0,home,79.0,77.0,75.0,77.0,69.0,72.0,71.0,71.0,135.3,24.5,48.0,26.3,18668.0,2716.0
341,2015.0,-1.0,TRABZONSPOR A.Ş.,KAYSERISPOR,0 - 1,4.0,away,71.0,69.0,68.0,69.0,76.0,70.0,72.0,73.0,35.55,24.4,128.6,23.5,4251.0,7696.0
342,2015.0,2.0,AKHISAR BELEDIYE GENÇLIK VE SPOR,MEDIPOL BAŞAKŞEHIR FK,2 - 0,5.0,home,69.0,72.0,71.0,71.0,71.0,70.0,69.0,70.0,48.0,26.3,35.95,26.9,2716.0,2394.0
343,2015.0,-4.0,OSMANLISPOR FUTBOL KULÜBÜ,MERSIN IDMANYURDU,0 - 4,5.0,away,72.0,67.0,66.0,67.0,71.0,72.0,69.0,71.0,22.7,25.0,43.43,26.6,5116.0,4186.0
344,2015.0,-3.0,KASIMPAŞA A.Ş.,ESKIŞEHIRSPOR,0 - 3,5.0,away,68.0,68.0,68.0,68.0,72.0,69.0,71.0,70.0,48.63,23.9,48.7,25.1,6815.0,1950.0
345,2015.0,4.0,ANTALYASPOR A.Ş.,ÇAYKUR RIZESPOR A.Ş.,5 - 1,5.0,home,71.0,68.0,69.0,69.0,73.0,69.0,69.0,71.0,32.63,24.3,48.95,25.1,3314.0,9362.0
346,2015.0,0.0,TORKU KONYASPOR,MEDICANA SIVASSPOR,0 - 0,5.0,Draw,67.0,67.0,69.0,68.0,69.0,72.0,69.0,70.0,42.05,27.0,33.7,25.8,4881.0,15871.0
347,2015.0,-1.0,GALATASARAY A.Ş.,TRABZONSPOR A.Ş.,0 - 1,5.0,away,76.0,70.0,72.0,73.0,70.0,75.0,73.0,75.0,128.6,23.5,136.0,25.6,7696.0,18996.0
348,2015.0,1.0,BURSASPOR,FENERBAHÇE A.Ş.,2 - 1,5.0,home,79.0,76.0,76.0,77.0,71.0,72.0,72.0,72.0,195.38,24.5,89.38,23.9,28589.0,11245.0
349,2015.0,1.0,KAYSERISPOR,GAZIANTEPSPOR,1 - 0,5.0,home,69.0,68.0,69.0,69.0,71.0,69.0,68.0,69.0,36.68,23.5,35.55,24.4,3065.0,4251.0
350,2015.0,0.0,BEŞIKTAŞ A.Ş.,GENÇLERBIRLIĞI,1 - 1,5.0,Draw,74.0,70.0,70.0,70.0,79.0,77.0,75.0,77.0,42.85,25.4,135.3,24.5,2565.0,18668.0
351,2015.0,2.0,TRABZONSPOR A.Ş.,OSMANLISPOR FUTBOL KULÜBÜ,3 - 1,6.0,home,71.0,72.0,69.0,71.0,76.0,70.0,72.0,73.0,43.43,26.6,128.6,23.5,4186.0,7696.0
352,2015.0,1.0,GENÇLERBIRLIĞI,AKHISAR BELEDIYE GENÇLIK VE SPOR,1 - 0,6.0,home,71.0,70.0,69.0,70.0,74.0,70.0,70.0,70.0,35.95,26.9,42.85,25.4,2394.0,2565.0
353,2015.0,1.0,GAZIANTEPSPOR,GALATASARAY A.Ş.,2 - 1,6.0,home,70.0,75.0,73.0,75.0,69.0,68.0,69.0,69.0,136.0,25.6,36.68,23.5,18996.0,3065.0
354,2015.0,2.0,MERSIN IDMANYURDU,TORKU KONYASPOR,2 - 0,6.0,home,69.0,72.0,69.0,70.0,72.0,67.0,66.0,67.0,33.7,25.8,22.7,25.0,15871.0,5116.0
355,2015.0,0.0,MEDICANA SIVASSPOR,ANTALYASPOR A.Ş.,1 - 1,6.0,Draw,73.0,69.0,69.0,71.0,67.0,67.0,69.0,68.0,48.95,25.1,42.05,27.0,9362.0,4881.0
356,2015.0,1.0,FENERBAHÇE A.Ş.,BEŞIKTAŞ A.Ş.,3 - 2,6.0,home,79.0,77.0,75.0,77.0,79.0,76.0,76.0,77.0,135.3,24.5,195.38,24.5,18668.0,28589.0
357,2015.0,-1.0,MEDIPOL BAŞAKŞEHIR FK,KAYSERISPOR,0 - 1,6.0,away,71.0,69.0,68.0,69.0,69.0,72.0,71.0,71.0,35.55,24.4,48.0,26.3,4251.0,2716.0
358,2015.0,0.0,ÇAYKUR RIZESPOR A.Ş.,KASIMPAŞA A.Ş.,1 - 1,6.0,Draw,72.0,69.0,71.0,70.0,71.0,68.0,69.0,69.0,48.7,25.1,32.63,24.3,1950.0,3314.0
359,2015.0,2.0,ESKIŞEHIRSPOR,BURSASPOR,2 - 0,6.0,home,71.0,72.0,72.0,72.0,68.0,68.0,68.0,68.0,89.38,23.9,48.63,23.9,11245.0,6815.0
360,2015.0,0.0,MERSIN IDMANYURDU,MEDICANA SIVASSPOR,2 - 2,7.0,Draw,67.0,67.0,69.0,68.0,72.0,67.0,66.0,67.0,42.05,27.0,22.7,25.0,4881.0,5116.0
361,2015.0,-1.0,TORKU KONYASPOR,TRABZONSPOR A.Ş.,1 - 2,7.0,away,76.0,70.0,72.0,73.0,69.0,72.0,69.0,70.0,128.6,23.5,33.7,25.8,7696.0,15871.0
362,2015.0,-2.0,GALATASARAY A.Ş.,MEDIPOL BAŞAKŞEHIR FK,0 - 2,7.0,away,69.0,72.0,71.0,71.0,70.0,75.0,73.0,75.0,48.0,26.3,136.0,25.6,2716.0,18996.0
363,2015.0,2.0,KAYSERISPOR,GENÇLERBIRLIĞI,2 - 0,7.0,home,74.0,70.0,70.0,70.0,71.0,69.0,68.0,69.0,42.85,25.4,35.55,24.4,2565.0,4251.0
364,2015.0,1.0,OSMANLISPOR FUTBOL KULÜBÜ,GAZIANTEPSPOR,2 - 1,7.0,home,69.0,68.0,69.0,69.0,71.0,72.0,69.0,71.0,36.68,23.5,43.43,26.6,3065.0,4186.0
365,2015.0,0.0,KASIMPAŞA A.Ş.,ANTALYASPOR A.Ş.,0 - 0,7.0,Draw,73.0,69.0,69.0,71.0,72.0,69.0,71.0,70.0,48.95,25.1,48.7,25.1,9362.0,1950.0
366,2015.0,0.0,AKHISAR BELEDIYE GENÇLIK VE SPOR,FENERBAHÇE A.Ş.,2 - 2,7.0,Draw,79.0,76.0,76.0,77.0,71.0,70.0,69.0,70.0,195.38,24.5,35.95,26.9,28589.0,2394.0
367,2015.0,-1.0,BURSASPOR,ÇAYKUR RIZESPOR A.Ş.,2 - 3,7.0,away,71.0,68.0,69.0,69.0,71.0,72.0,72.0,72.0,32.63,24.3,89.38,23.9,3314.0,11245.0
368,2015.0,-1.0,BEŞIKTAŞ A.Ş.,ESKIŞEHIRSPOR,1 - 2,7.0,away,68.0,68.0,68.0,68.0,79.0,77.0,75.0,77.0,48.63,23.9,135.3,24.5,6815.0,18668.0
369,2015.0,3.0,GENÇLERBIRLIĞI,GALATASARAY A.Ş.,4 - 1,8.0,home,70.0,75.0,73.0,75.0,74.0,70.0,70.0,70.0,136.0,25.6,42.85,25.4,18996.0,2565.0
370,2015.0,1.0,GAZIANTEPSPOR,TORKU KONYASPOR,2 - 1,8.0,home,69.0,72.0,69.0,70.0,69.0,68.0,69.0,69.0,33.7,25.8,36.68,23.5,15871.0,3065.0
371,2015.0,-2.0,ANTALYASPOR A.Ş.,BURSASPOR,0 - 2,8.0,away,71.0,72.0,72.0,72.0,73.0,69.0,69.0,71.0,89.38,23.9,48.95,25.1,11245.0,9362.0
372,2015.0,1.0,MEDICANA SIVASSPOR,KASIMPAŞA A.Ş.,2 - 1,8.0,home,72.0,69.0,71.0,70.0,67.0,67.0,69.0,68.0,48.7,25.1,42.05,27.0,1950.0,4881.0
373,2015.0,1.0,ESKIŞEHIRSPOR,AKHISAR BELEDIYE GENÇLIK VE SPOR,1 - 0,8.0,home,71.0,70.0,69.0,70.0,68.0,68.0,68.0,68.0,35.95,26.9,48.63,23.9,2394.0,6815.0
374,2015.0,1.0,ÇAYKUR RIZESPOR A.Ş.,BEŞIKTAŞ A.Ş.,1 - 0,8.0,home,79.0,77.0,75.0,77.0,71.0,68.0,69.0,69.0,135.3,24.5,32.63,24.3,18668.0,3314.0
375,2015.0,-1.0,FENERBAHÇE A.Ş.,KAYSERISPOR,0 - 1,8.0,away,71.0,69.0,68.0,69.0,79.0,76.0,76.0,77.0,35.55,24.4,195.38,24.5,4251.0,28589.0
376,2015.0,1.0,TRABZONSPOR A.Ş.,MERSIN IDMANYURDU,3 - 2,8.0,home,72.0,67.0,66.0,67.0,76.0,70.0,72.0,73.0,22.7,25.0,128.6,23.5,5116.0,7696.0
377,2015.0,-3.0,MEDIPOL BAŞAKŞEHIR FK,OSMANLISPOR FUTBOL KULÜBÜ,0 - 3,8.0,away,71.0,72.0,69.0,71.0,69.0,72.0,71.0,71.0,43.43,26.6,48.0,26.3,4186.0,2716.0
378,2015.0,-2.0,KAYSERISPOR,ESKIŞEHIRSPOR,1 - 3,9.0,away,68.0,68.0,68.0,68.0,71.0,69.0,68.0,69.0,48.63,23.9,35.55,24.4,6815.0,4251.0
379,2015.0,-2.0,AKHISAR BELEDIYE GENÇLIK VE SPOR,ÇAYKUR RIZESPOR A.Ş.,0 - 2,9.0,away,71.0,68.0,69.0,69.0,71.0,70.0,69.0,70.0,32.63,24.3,35.95,26.9,3314.0,2394.0
380,2015.0,1.0,MERSIN IDMANYURDU,GAZIANTEPSPOR,1 - 0,9.0,home,69.0,68.0,69.0,69.0,72.0,67.0,66.0,67.0,36.68,23.5,22.7,25.0,3065.0,5116.0
381,2015.0,-2.0,TRABZONSPOR A.Ş.,MEDICANA SIVASSPOR,0 - 2,9.0,away,67.0,67.0,69.0,68.0,76.0,70.0,72.0,73.0,42.05,27.0,128.6,23.5,4881.0,7696.0
382,2015.0,-1.0,BURSASPOR,KASIMPAŞA A.Ş.,0 - 1,9.0,away,72.0,69.0,71.0,70.0,71.0,72.0,72.0,72.0,48.7,25.1,89.38,23.9,1950.0,11245.0
383,2015.0,1.0,OSMANLISPOR FUTBOL KULÜBÜ,GENÇLERBIRLIĞI,1 - 0,9.0,home,74.0,70.0,70.0,70.0,71.0,72.0,69.0,71.0,42.85,25.4,43.43,26.6,2565.0,4186.0
384,2015.0,4.0,TORKU KONYASPOR,MEDIPOL BAŞAKŞEHIR FK,4 - 0,9.0,home,69.0,72.0,71.0,71.0,69.0,72.0,69.0,70.0,48.0,26.3,33.7,25.8,2716.0,15871.0
385,2015.0,0.0,GALATASARAY A.Ş.,FENERBAHÇE A.Ş.,1 - 1,9.0,Draw,79.0,76.0,76.0,77.0,70.0,75.0,73.0,75.0,195.38,24.5,136.0,25.6,28589.0,18996.0
386,2015.0,-4.0,BEŞIKTAŞ A.Ş.,ANTALYASPOR A.Ş.,1 - 5,9.0,away,73.0,69.0,69.0,71.0,79.0,77.0,75.0,77.0,48.95,25.1,135.3,24.5,9362.0,18668.0
387,2015.0,0.0,GAZIANTEPSPOR,TRABZONSPOR A.Ş.,2 - 2,10.0,Draw,76.0,70.0,72.0,73.0,69.0,68.0,69.0,69.0,128.6,23.5,36.68,23.5,7696.0,3065.0
388,2015.0,1.0,MEDICANA SIVASSPOR,BURSASPOR,1 - 0,10.0,home,71.0,72.0,72.0,72.0,67.0,67.0,69.0,68.0,89.38,23.9,42.05,27.0,11245.0,4881.0
389,2015.0,0.0,ÇAYKUR RIZESPOR A.Ş.,KAYSERISPOR,0 - 0,10.0,Draw,71.0,69.0,68.0,69.0,71.0,68.0,69.0,69.0,35.55,24.4,32.63,24.3,4251.0,3314.0
390,2015.0,-1.0,FENERBAHÇE A.Ş.,OSMANLISPOR FUTBOL KULÜBÜ,0 - 1,10.0,away,71.0,72.0,69.0,71.0,79.0,76.0,76.0,77.0,43.43,26.6,195.38,24.5,4186.0,28589.0
391,2015.0,4.0,ESKIŞEHIRSPOR,GALATASARAY A.Ş.,4 - 0,10.0,home,70.0,75.0,73.0,75.0,68.0,68.0,68.0,68.0,136.0,25.6,48.63,23.9,18996.0,6815.0
392,2015.0,0.0,MEDIPOL BAŞAKŞEHIR FK,MERSIN IDMANYURDU,1 - 1,10.0,Draw,72.0,67.0,66.0,67.0,69.0,72.0,71.0,71.0,22.7,25.0,48.0,26.3,5116.0,2716.0
393,2015.0,0.0,KASIMPAŞA A.Ş.,BEŞIKTAŞ A.Ş.,3 - 3,10.0,Draw,79.0,77.0,75.0,77.0,72.0,69.0,71.0,70.0,135.3,24.5,48.7,25.1,18668.0,1950.0
394,2015.0,1.0,ANTALYASPOR A.Ş.,AKHISAR BELEDIYE GENÇLIK VE SPOR,2 - 1,10.0,home,71.0,70.0,69.0,70.0,73.0,69.0,69.0,71.0,35.95,26.9,48.95,25.1,2394.0,9362.0
395,2015.0,0.0,GENÇLERBIRLIĞI,TORKU KONYASPOR,0 - 0,10.0,Draw,69.0,72.0,69.0,70.0,74.0,70.0,70.0,70.0,33.7,25.8,42.85,25.4,15871.0,2565.0
396,2015.0,0.0,MERSIN IDMANYURDU,GENÇLERBIRLIĞI,1 - 1,11.0,Draw,74.0,70.0,70.0,70.0,72.0,67.0,66.0,67.0,42.85,25.4,22.7,25.0,2565.0,5116.0
397,2015.0,-2.0,OSMANLISPOR FUTBOL KULÜBÜ,ESKIŞEHIRSPOR,0 - 2,11.0,away,68.0,68.0,68.0,68.0,71.0,72.0,69.0,71.0,48.63,23.9,43.43,26.6,6815.0,4186.0
398,2015.0,1.0,AKHISAR BELEDIYE GENÇLIK VE SPOR,KASIMPAŞA A.Ş.,2 - 1,11.0,home,72.0,69.0,71.0,70.0,71.0,70.0,69.0,70.0,48.7,25.1,35.95,26.9,1950.0,2394.0
399,2015.0,0.0,KAYSERISPOR,ANTALYASPOR A.Ş.,1 - 1,11.0,Draw,73.0,69.0,69.0,71.0,71.0,69.0,68.0,69.0,48.95,25.1,35.55,24.4,9362.0,4251.0
400,2015.0,1.0,GALATASARAY A.Ş.,ÇAYKUR RIZESPOR A.Ş.,4 - 3,11.0,home,71.0,68.0,69.0,69.0,70.0,75.0,73.0,75.0,32.63,24.3,136.0,25.6,3314.0,18996.0
401,2015.0,1.0,TRABZONSPOR A.Ş.,MEDIPOL BAŞAKŞEHIR FK,1 - 0,11.0,home,69.0,72.0,71.0,71.0,76.0,70.0,72.0,73.0,48.0,26.3,128.6,23.5,2716.0,7696.0
402,2015.0,1.0,TORKU KONYASPOR,FENERBAHÇE A.Ş.,1 - 0,11.0,home,79.0,76.0,76.0,77.0,69.0,72.0,69.0,70.0,195.38,24.5,33.7,25.8,28589.0,15871.0
403,2015.0,-1.0,BEŞIKTAŞ A.Ş.,BURSASPOR,0 - 1,11.0,away,71.0,72.0,72.0,72.0,79.0,77.0,75.0,77.0,89.38,23.9,135.3,24.5,11245.0,18668.0
404,2015.0,3.0,GAZIANTEPSPOR,MEDICANA SIVASSPOR,3 - 0,11.0,home,67.0,67.0,69.0,68.0,69.0,68.0,69.0,69.0,42.05,27.0,36.68,23.5,4881.0,3065.0
405,2015.0,0.0,ANTALYASPOR A.Ş.,GALATASARAY A.Ş.,3 - 3,12.0,Draw,70.0,75.0,73.0,75.0,73.0,69.0,69.0,71.0,136.0,25.6,48.95,25.1,18996.0,9362.0
406,2015.0,0.0,KASIMPAŞA A.Ş.,KAYSERISPOR,0 - 0,12.0,Draw,71.0,69.0,68.0,69.0,72.0,69.0,71.0,70.0,35.55,24.4,48.7,25.1,4251.0,1950.0
407,2015.0,-2.0,FENERBAHÇE A.Ş.,MERSIN IDMANYURDU,1 - 3,12.0,away,72.0,67.0,66.0,67.0,79.0,76.0,76.0,77.0,22.7,25.0,195.38,24.5,5116.0,28589.0
408,2015.0,2.0,BURSASPOR,AKHISAR BELEDIYE GENÇLIK VE SPOR,3 - 1,12.0,home,71.0,70.0,69.0,70.0,71.0,72.0,72.0,72.0,35.95,26.9,89.38,23.9,2394.0,11245.0
409,2015.0,1.0,GENÇLERBIRLIĞI,TRABZONSPOR A.Ş.,1 - 0,12.0,home,76.0,70.0,72.0,73.0,74.0,70.0,70.0,70.0,128.6,23.5,42.85,25.4,7696.0,2565.0
410,2015.0,-1.0,ÇAYKUR RIZESPOR A.Ş.,OSMANLISPOR FUTBOL KULÜBÜ,0 - 1,12.0,away,71.0,72.0,69.0,71.0,71.0,68.0,69.0,69.0,43.43,26.6,32.63,24.3,4186.0,3314.0
411,2015.0,1.0,ESKIŞEHIRSPOR,TORKU KONYASPOR,3 - 2,12.0,home,69.0,72.0,69.0,70.0,68.0,68.0,68.0,68.0,33.7,25.8,48.63,23.9,15871.0,6815.0
412,2015.0,2.0,MEDICANA SIVASSPOR,BEŞIKTAŞ A.Ş.,2 - 0,12.0,home,79.0,77.0,75.0,77.0,67.0,67.0,69.0,68.0,135.3,24.5,42.05,27.0,18668.0,4881.0
413,2015.0,-1.0,MEDIPOL BAŞAKŞEHIR FK,GAZIANTEPSPOR,0 - 1,12.0,away,69.0,68.0,69.0,69.0,69.0,72.0,71.0,71.0,36.68,23.5,48.0,26.3,3065.0,2716.0
414,2015.0,0.0,TORKU KONYASPOR,ÇAYKUR RIZESPOR A.Ş.,0 - 0,13.0,Draw,71.0,68.0,69.0,69.0,69.0,72.0,69.0,70.0,32.63,24.3,33.7,25.8,3314.0,15871.0
415,2015.0,-1.0,KAYSERISPOR,BURSASPOR,1 - 2,13.0,away,71.0,72.0,72.0,72.0,71.0,69.0,68.0,69.0,89.38,23.9,35.55,24.4,11245.0,4251.0
416,2015.0,0.0,OSMANLISPOR FUTBOL KULÜBÜ,ANTALYASPOR A.Ş.,1 - 1,13.0,Draw,73.0,69.0,69.0,71.0,71.0,72.0,69.0,71.0,48.95,25.1,43.43,26.6,9362.0,4186.0
417,2015.0,1.0,MERSIN IDMANYURDU,ESKIŞEHIRSPOR,3 - 2,13.0,home,68.0,68.0,68.0,68.0,72.0,67.0,66.0,67.0,48.63,23.9,22.7,25.0,6815.0,5116.0
418,2015.0,0.0,MEDIPOL BAŞAKŞEHIR FK,MEDICANA SIVASSPOR,2 - 2,13.0,Draw,67.0,67.0,69.0,68.0,69.0,72.0,71.0,71.0,42.05,27.0,48.0,26.3,4881.0,2716.0
419,2015.0,0.0,GALATASARAY A.Ş.,KASIMPAŞA A.Ş.,2 - 2,13.0,Draw,72.0,69.0,71.0,70.0,70.0,75.0,73.0,75.0,48.7,25.1,136.0,25.6,1950.0,18996.0
420,2015.0,0.0,GAZIANTEPSPOR,GENÇLERBIRLIĞI,2 - 2,13.0,Draw,74.0,70.0,70.0,70.0,69.0,68.0,69.0,69.0,42.85,25.4,36.68,23.5,2565.0,3065.0
421,2015.0,-2.0,AKHISAR BELEDIYE GENÇLIK VE SPOR,BEŞIKTAŞ A.Ş.,0 - 2,13.0,away,79.0,77.0,75.0,77.0,71.0,70.0,69.0,70.0,135.3,24.5,35.95,26.9,18668.0,2394.0
422,2015.0,2.0,TRABZONSPOR A.Ş.,FENERBAHÇE A.Ş.,2 - 0,13.0,home,79.0,76.0,76.0,77.0,76.0,70.0,72.0,73.0,195.38,24.5,128.6,23.5,28589.0,7696.0
423,2015.0,3.0,BURSASPOR,GALATASARAY A.Ş.,3 - 0,14.0,home,70.0,75.0,73.0,75.0,71.0,72.0,72.0,72.0,136.0,25.6,89.38,23.9,18996.0,11245.0
424,2015.0,-1.0,BEŞIKTAŞ A.Ş.,KAYSERISPOR,1 - 2,14.0,away,71.0,69.0,68.0,69.0,79.0,77.0,75.0,77.0,35.55,24.4,135.3,24.5,4251.0,18668.0
425,2015.0,1.0,ANTALYASPOR A.Ş.,TORKU KONYASPOR,3 - 2,14.0,home,69.0,72.0,69.0,70.0,73.0,69.0,69.0,71.0,33.7,25.8,48.95,25.1,15871.0,9362.0
426,2015.0,-1.0,KASIMPAŞA A.Ş.,OSMANLISPOR FUTBOL KULÜBÜ,0 - 1,14.0,away,71.0,72.0,69.0,71.0,72.0,69.0,71.0,70.0,43.43,26.6,48.7,25.1,4186.0,1950.0
427,2015.0,2.0,GENÇLERBIRLIĞI,MEDIPOL BAŞAKŞEHIR FK,2 - 0,14.0,home,69.0,72.0,71.0,71.0,74.0,70.0,70.0,70.0,48.0,26.3,42.85,25.4,2716.0,2565.0
428,2015.0,3.0,ÇAYKUR RIZESPOR A.Ş.,MERSIN IDMANYURDU,3 - 0,14.0,home,72.0,67.0,66.0,67.0,71.0,68.0,69.0,69.0,22.7,25.0,32.63,24.3,5116.0,3314.0
429,2015.0,0.0,FENERBAHÇE A.Ş.,GAZIANTEPSPOR,2 - 2,14.0,Draw,69.0,68.0,69.0,69.0,79.0,76.0,76.0,77.0,36.68,23.5,195.38,24.5,3065.0,28589.0
430,2015.0,2.0,ESKIŞEHIRSPOR,TRABZONSPOR A.Ş.,3 - 1,14.0,home,76.0,70.0,72.0,73.0,68.0,68.0,68.0,68.0,128.6,23.5,48.63,23.9,7696.0,6815.0
431,2015.0,1.0,MEDICANA SIVASSPOR,AKHISAR BELEDIYE GENÇLIK VE SPOR,1 - 0,14.0,home,71.0,70.0,69.0,70.0,67.0,67.0,69.0,68.0,35.95,26.9,42.05,27.0,2394.0,4881.0
432,2015.0,-4.0,OSMANLISPOR FUTBOL KULÜBÜ,BURSASPOR,0 - 4,15.0,away,71.0,72.0,72.0,72.0,71.0,72.0,69.0,71.0,89.38,23.9,43.43,26.6,11245.0,4186.0
433,2015.0,-1.0,GAZIANTEPSPOR,ESKIŞEHIRSPOR,1 - 2,15.0,away,68.0,68.0,68.0,68.0,69.0,68.0,69.0,69.0,48.63,23.9,36.68,23.5,6815.0,3065.0
434,2015.0,1.0,MERSIN IDMANYURDU,ANTALYASPOR A.Ş.,3 - 2,15.0,home,73.0,69.0,69.0,71.0,72.0,67.0,66.0,67.0,48.95,25.1,22.7,25.0,9362.0,5116.0
435,2015.0,1.0,TORKU KONYASPOR,KASIMPAŞA A.Ş.,2 - 1,15.0,home,72.0,69.0,71.0,70.0,69.0,72.0,69.0,70.0,48.7,25.1,33.7,25.8,1950.0,15871.0
436,2015.0,3.0,TRABZONSPOR A.Ş.,ÇAYKUR RIZESPOR A.Ş.,3 - 0,15.0,home,71.0,68.0,69.0,69.0,76.0,70.0,72.0,73.0,32.63,24.3,128.6,23.5,3314.0,7696.0
437,2015.0,-1.0,MEDICANA SIVASSPOR,GENÇLERBIRLIĞI,0 - 1,15.0,away,74.0,70.0,70.0,70.0,67.0,67.0,69.0,68.0,42.85,25.4,42.05,27.0,2565.0,4881.0
438,2015.0,1.0,AKHISAR BELEDIYE GENÇLIK VE SPOR,KAYSERISPOR,3 - 2,15.0,home,71.0,69.0,68.0,69.0,71.0,70.0,69.0,70.0,35.55,24.4,35.95,26.9,4251.0,2394.0
439,2015.0,1.0,MEDIPOL BAŞAKŞEHIR FK,FENERBAHÇE A.Ş.,1 - 0,15.0,home,79.0,76.0,76.0,77.0,69.0,72.0,71.0,71.0,195.38,24.5,48.0,26.3,28589.0,2716.0
440,2015.0,1.0,GALATASARAY A.Ş.,BEŞIKTAŞ A.Ş.,2 - 1,15.0,home,79.0,77.0,75.0,77.0,70.0,75.0,73.0,75.0,135.3,24.5,136.0,25.6,18668.0,18996.0
441,2015.0,1.0,BURSASPOR,TORKU KONYASPOR,1 - 0,16.0,home,69.0,72.0,69.0,70.0,71.0,72.0,72.0,72.0,33.7,25.8,89.38,23.9,15871.0,11245.0
442,2015.0,2.0,ÇAYKUR RIZESPOR A.Ş.,GAZIANTEPSPOR,2 - 0,16.0,home,69.0,68.0,69.0,69.0,71.0,68.0,69.0,69.0,36.68,23.5,32.63,24.3,3065.0,3314.0
443,2015.0,-1.0,KASIMPAŞA A.Ş.,MERSIN IDMANYURDU,1 - 2,16.0,away,72.0,67.0,66.0,67.0,72.0,69.0,71.0,70.0,22.7,25.0,48.7,25.1,5116.0,1950.0
444,2015.0,3.0,ANTALYASPOR A.Ş.,TRABZONSPOR A.Ş.,3 - 0,16.0,home,76.0,70.0,72.0,73.0,73.0,69.0,69.0,71.0,128.6,23.5,48.95,25.1,7696.0,9362.0
445,2015.0,0.0,KAYSERISPOR,MEDICANA SIVASSPOR,0 - 0,16.0,Draw,67.0,67.0,69.0,68.0,71.0,69.0,68.0,69.0,42.05,27.0,35.55,24.4,4881.0,4251.0
446,2015.0,1.0,ESKIŞEHIRSPOR,MEDIPOL BAŞAKŞEHIR FK,2 - 1,16.0,home,69.0,72.0,71.0,71.0,68.0,68.0,68.0,68.0,48.0,26.3,48.63,23.9,2716.0,6815.0
447,2015.0,1.0,AKHISAR BELEDIYE GENÇLIK VE SPOR,GALATASARAY A.Ş.,3 - 2,16.0,home,70.0,75.0,73.0,75.0,71.0,70.0,69.0,70.0,136.0,25.6,35.95,26.9,18996.0,2394.0
448,2015.0,-1.0,FENERBAHÇE A.Ş.,GENÇLERBIRLIĞI,0 - 1,16.0,away,74.0,70.0,70.0,70.0,79.0,76.0,76.0,77.0,42.85,25.4,195.38,24.5,2565.0,28589.0
449,2015.0,-1.0,BEŞIKTAŞ A.Ş.,OSMANLISPOR FUTBOL KULÜBÜ,2 - 3,16.0,away,71.0,72.0,69.0,71.0,79.0,77.0,75.0,77.0,43.43,26.6,135.3,24.5,4186.0,18668.0
450,2015.0,0.0,TRABZONSPOR A.Ş.,KASIMPAŞA A.Ş.,1 - 1,17.0,Draw,72.0,69.0,71.0,70.0,76.0,70.0,72.0,73.0,48.7,25.1,128.6,23.5,1950.0,7696.0
451,2015.0,0.0,GAZIANTEPSPOR,ANTALYASPOR A.Ş.,0 - 0,17.0,Draw,73.0,69.0,69.0,71.0,69.0,68.0,69.0,69.0,48.95,25.1,36.68,23.5,9362.0,3065.0
452,2015.0,1.0,MEDIPOL BAŞAKŞEHIR FK,ÇAYKUR RIZESPOR A.Ş.,2 - 1,17.0,home,71.0,68.0,69.0,69.0,69.0,72.0,71.0,71.0,32.63,24.3,48.0,26.3,3314.0,2716.0
453,2015.0,0.0,OSMANLISPOR FUTBOL KULÜBÜ,AKHISAR BELEDIYE GENÇLIK VE SPOR,0 - 0,17.0,Draw,71.0,70.0,69.0,70.0,71.0,72.0,69.0,71.0,35.95,26.9,43.43,26.6,2394.0,4186.0
454,2015.0,1.0,MERSIN IDMANYURDU,BURSASPOR,2 - 1,17.0,home,71.0,72.0,72.0,72.0,72.0,67.0,66.0,67.0,89.38,23.9,22.7,25.0,11245.0,5116.0
455,2015.0,0.0,GALATASARAY A.Ş.,KAYSERISPOR,1 - 1,17.0,Draw,71.0,69.0,68.0,69.0,70.0,75.0,73.0,75.0,35.55,24.4,136.0,25.6,4251.0,18996.0
456,2015.0,4.0,TORKU KONYASPOR,BEŞIKTAŞ A.Ş.,4 - 0,17.0,home,79.0,77.0,75.0,77.0,69.0,72.0,69.0,70.0,135.3,24.5,33.7,25.8,18668.0,15871.0
457,2015.0,2.0,GENÇLERBIRLIĞI,ESKIŞEHIRSPOR,2 - 0,17.0,home,68.0,68.0,68.0,68.0,74.0,70.0,70.0,70.0,48.63,23.9,42.85,25.4,6815.0,2565.0
458,2015.0,1.0,MEDICANA SIVASSPOR,FENERBAHÇE A.Ş.,2 - 1,17.0,home,79.0,76.0,76.0,77.0,67.0,67.0,69.0,68.0,195.38,24.5,42.05,27.0,28589.0,4881.0
459,2015.0,2.0,MEDICANA SIVASSPOR,GALATASARAY A.Ş.,3 - 1,18.0,home,70.0,75.0,73.0,75.0,67.0,67.0,69.0,68.0,136.0,25.6,42.05,27.0,18996.0,4881.0
460,2015.0,-1.0,GAZIANTEPSPOR,KASIMPAŞA A.Ş.,1 - 2,18.0,away,72.0,69.0,71.0,70.0,69.0,68.0,69.0,69.0,48.7,25.1,36.68,23.5,1950.0,3065.0
461,2015.0,-2.0,TORKU KONYASPOR,AKHISAR BELEDIYE GENÇLIK VE SPOR,0 - 2,18.0,away,71.0,70.0,69.0,70.0,69.0,72.0,69.0,70.0,35.95,26.9,33.7,25.8,2394.0,15871.0
462,2015.0,1.0,OSMANLISPOR FUTBOL KULÜBÜ,KAYSERISPOR,1 - 0,18.0,home,71.0,69.0,68.0,69.0,71.0,72.0,69.0,71.0,35.55,24.4,43.43,26.6,4251.0,4186.0
463,2015.0,2.0,TRABZONSPOR A.Ş.,BURSASPOR,4 - 2,18.0,home,71.0,72.0,72.0,72.0,76.0,70.0,72.0,73.0,89.38,23.9,128.6,23.5,11245.0,7696.0
464,2015.0,-1.0,GENÇLERBIRLIĞI,ÇAYKUR RIZESPOR A.Ş.,2 - 3,18.0,away,71.0,68.0,69.0,69.0,74.0,70.0,70.0,70.0,32.63,24.3,42.85,25.4,3314.0,2565.0
465,2015.0,-1.0,MEDIPOL BAŞAKŞEHIR FK,ANTALYASPOR A.Ş.,1 - 2,18.0,away,73.0,69.0,69.0,71.0,69.0,72.0,71.0,71.0,48.95,25.1,48.0,26.3,9362.0,2716.0
466,2015.0,-3.0,FENERBAHÇE A.Ş.,ESKIŞEHIRSPOR,0 - 3,18.0,away,68.0,68.0,68.0,68.0,79.0,76.0,76.0,77.0,48.63,23.9,195.38,24.5,6815.0,28589.0
467,2015.0,1.0,MERSIN IDMANYURDU,BEŞIKTAŞ A.Ş.,1 - 0,18.0,home,79.0,77.0,75.0,77.0,72.0,67.0,66.0,67.0,135.3,24.5,22.7,25.0,18668.0,5116.0
468,2015.0,1.0,GALATASARAY A.Ş.,OSMANLISPOR FUTBOL KULÜBÜ,3 - 2,19.0,home,71.0,72.0,69.0,71.0,70.0,75.0,73.0,75.0,43.43,26.6,136.0,25.6,4186.0,18996.0
469,2015.0,0.0,AKHISAR BELEDIYE GENÇLIK VE SPOR,MERSIN IDMANYURDU,0 - 0,19.0,Draw,72.0,67.0,66.0,67.0,71.0,70.0,69.0,70.0,22.7,25.0,35.95,26.9,5116.0,2394.0
470,2015.0,1.0,KAYSERISPOR,TORKU KONYASPOR,1 - 0,19.0,home,69.0,72.0,69.0,70.0,71.0,69.0,68.0,69.0,33.7,25.8,35.55,24.4,15871.0,4251.0
471,2015.0,1.0,ANTALYASPOR A.Ş.,GENÇLERBIRLIĞI,1 - 0,19.0,home,74.0,70.0,70.0,70.0,73.0,69.0,69.0,71.0,42.85,25.4,48.95,25.1,2565.0,9362.0
472,2015.0,-1.0,ESKIŞEHIRSPOR,MEDICANA SIVASSPOR,1 - 2,19.0,away,67.0,67.0,69.0,68.0,68.0,68.0,68.0,68.0,42.05,27.0,48.63,23.9,4881.0,6815.0
473,2015.0,-1.0,BURSASPOR,GAZIANTEPSPOR,2 - 3,19.0,away,69.0,68.0,69.0,69.0,71.0,72.0,72.0,72.0,36.68,23.5,89.38,23.9,3065.0,11245.0
474,2015.0,1.0,ÇAYKUR RIZESPOR A.Ş.,FENERBAHÇE A.Ş.,2 - 1,19.0,home,79.0,76.0,76.0,77.0,71.0,68.0,69.0,69.0,195.38,24.5,32.63,24.3,28589.0,3314.0
475,2015.0,0.0,KASIMPAŞA A.Ş.,MEDIPOL BAŞAKŞEHIR FK,1 - 1,19.0,Draw,69.0,72.0,71.0,71.0,72.0,69.0,71.0,70.0,48.0,26.3,48.7,25.1,2716.0,1950.0
476,2015.0,-2.0,BEŞIKTAŞ A.Ş.,TRABZONSPOR A.Ş.,0 - 2,19.0,away,76.0,70.0,72.0,73.0,79.0,77.0,75.0,77.0,128.6,23.5,135.3,24.5,7696.0,18668.0
477,2015.0,4.0,MEDICANA SIVASSPOR,OSMANLISPOR FUTBOL KULÜBÜ,4 - 0,20.0,home,71.0,72.0,69.0,71.0,67.0,67.0,69.0,68.0,43.43,26.6,42.05,27.0,4186.0,4881.0
478,2015.0,2.0,FENERBAHÇE A.Ş.,ANTALYASPOR A.Ş.,4 - 2,20.0,home,73.0,69.0,69.0,71.0,79.0,76.0,76.0,77.0,48.95,25.1,195.38,24.5,9362.0,28589.0
479,2015.0,0.0,TORKU KONYASPOR,GALATASARAY A.Ş.,0 - 0,20.0,Draw,70.0,75.0,73.0,75.0,69.0,72.0,69.0,70.0,136.0,25.6,33.7,25.8,18996.0,15871.0
480,2015.0,0.0,MEDIPOL BAŞAKŞEHIR FK,BURSASPOR,3 - 3,20.0,Draw,71.0,72.0,72.0,72.0,69.0,72.0,71.0,71.0,89.38,23.9,48.0,26.3,11245.0,2716.0
481,2015.0,-1.0,MERSIN IDMANYURDU,KAYSERISPOR,0 - 1,20.0,away,71.0,69.0,68.0,69.0,72.0,67.0,66.0,67.0,35.55,24.4,22.7,25.0,4251.0,5116.0
482,2015.0,4.0,GAZIANTEPSPOR,BEŞIKTAŞ A.Ş.,4 - 0,20.0,home,79.0,77.0,75.0,77.0,69.0,68.0,69.0,69.0,135.3,24.5,36.68,23.5,18668.0,3065.0
483,2015.0,0.0,ESKIŞEHIRSPOR,ÇAYKUR RIZESPOR A.Ş.,1 - 1,20.0,Draw,71.0,68.0,69.0,69.0,68.0,68.0,68.0,68.0,32.63,24.3,48.63,23.9,3314.0,6815.0
484,2015.0,1.0,TRABZONSPOR A.Ş.,AKHISAR BELEDIYE GENÇLIK VE SPOR,2 - 1,20.0,home,71.0,70.0,69.0,70.0,76.0,70.0,72.0,73.0,35.95,26.9,128.6,23.5,2394.0,7696.0
485,2015.0,-1.0,GENÇLERBIRLIĞI,KASIMPAŞA A.Ş.,0 - 1,20.0,away,72.0,69.0,71.0,70.0,74.0,70.0,70.0,70.0,48.7,25.1,42.85,25.4,1950.0,2565.0
486,2015.0,2.0,KASIMPAŞA A.Ş.,FENERBAHÇE A.Ş.,3 - 1,21.0,home,79.0,76.0,76.0,77.0,72.0,69.0,71.0,70.0,195.38,24.5,48.7,25.1,28589.0,1950.0
487,2015.0,1.0,GALATASARAY A.Ş.,MERSIN IDMANYURDU,2 - 1,21.0,home,72.0,67.0,66.0,67.0,70.0,75.0,73.0,75.0,22.7,25.0,136.0,25.6,5116.0,18996.0
488,2015.0,2.0,BURSASPOR,GENÇLERBIRLIĞI,2 - 0,21.0,home,74.0,70.0,70.0,70.0,71.0,72.0,72.0,72.0,42.85,25.4,89.38,23.9,2565.0,11245.0
489,2015.0,0.0,OSMANLISPOR FUTBOL KULÜBÜ,TORKU KONYASPOR,1 - 1,21.0,Draw,69.0,72.0,69.0,70.0,71.0,72.0,69.0,71.0,33.7,25.8,43.43,26.6,15871.0,4186.0
490,2015.0,1.0,ÇAYKUR RIZESPOR A.Ş.,MEDICANA SIVASSPOR,2 - 1,21.0,home,67.0,67.0,69.0,68.0,71.0,68.0,69.0,69.0,42.05,27.0,32.63,24.3,4881.0,3314.0
491,2015.0,0.0,BEŞIKTAŞ A.Ş.,MEDIPOL BAŞAKŞEHIR FK,2 - 2,21.0,Draw,69.0,72.0,71.0,71.0,79.0,77.0,75.0,77.0,48.0,26.3,135.3,24.5,2716.0,18668.0
492,2015.0,1.0,ANTALYASPOR A.Ş.,ESKIŞEHIRSPOR,3 - 2,21.0,home,68.0,68.0,68.0,68.0,73.0,69.0,69.0,71.0,48.63,23.9,48.95,25.1,6815.0,9362.0
493,2015.0,-1.0,AKHISAR BELEDIYE GENÇLIK VE SPOR,GAZIANTEPSPOR,0 - 1,21.0,away,69.0,68.0,69.0,69.0,71.0,70.0,69.0,70.0,36.68,23.5,35.95,26.9,3065.0,2394.0
494,2015.0,1.0,KAYSERISPOR,TRABZONSPOR A.Ş.,2 - 1,21.0,home,76.0,70.0,72.0,73.0,71.0,69.0,68.0,69.0,128.6,23.5,35.55,24.4,7696.0,4251.0
495,2015.0,1.0,MEDICANA SIVASSPOR,TORKU KONYASPOR,2 - 1,22.0,home,69.0,72.0,69.0,70.0,67.0,67.0,69.0,68.0,33.7,25.8,42.05,27.0,15871.0,4881.0
496,2015.0,1.0,ESKIŞEHIRSPOR,KASIMPAŞA A.Ş.,2 - 1,22.0,home,72.0,69.0,71.0,70.0,68.0,68.0,68.0,68.0,48.7,25.1,48.63,23.9,1950.0,6815.0
497,2015.0,0.0,FENERBAHÇE A.Ş.,BURSASPOR,0 - 0,22.0,Draw,71.0,72.0,72.0,72.0,79.0,76.0,76.0,77.0,89.38,23.9,195.38,24.5,11245.0,28589.0
498,2015.0,1.0,ÇAYKUR RIZESPOR A.Ş.,ANTALYASPOR A.Ş.,2 - 1,22.0,home,73.0,69.0,69.0,71.0,71.0,68.0,69.0,69.0,48.95,25.1,32.63,24.3,9362.0,3314.0
499,2015.0,0.0,MEDIPOL BAŞAKŞEHIR FK,AKHISAR BELEDIYE GENÇLIK VE SPOR,0 - 0,22.0,Draw,71.0,70.0,69.0,70.0,69.0,72.0,71.0,71.0,35.95,26.9,48.0,26.3,2394.0,2716.0
500,2015.0,1.0,TRABZONSPOR A.Ş.,GALATASARAY A.Ş.,2 - 1,22.0,home,70.0,75.0,73.0,75.0,76.0,70.0,72.0,73.0,136.0,25.6,128.6,23.5,18996.0,7696.0
501,2015.0,0.0,GAZIANTEPSPOR,KAYSERISPOR,2 - 2,22.0,Draw,71.0,69.0,68.0,69.0,69.0,68.0,69.0,69.0,35.55,24.4,36.68,23.5,4251.0,3065.0
502,2015.0,2.0,MERSIN IDMANYURDU,OSMANLISPOR FUTBOL KULÜBÜ,3 - 1,22.0,home,71.0,72.0,69.0,71.0,72.0,67.0,66.0,67.0,43.43,26.6,22.7,25.0,4186.0,5116.0
503,2015.0,1.0,GENÇLERBIRLIĞI,BEŞIKTAŞ A.Ş.,1 - 0,22.0,home,79.0,77.0,75.0,77.0,74.0,70.0,70.0,70.0,135.3,24.5,42.85,25.4,18668.0,2565.0
504,2015.0,1.0,KAYSERISPOR,MEDIPOL BAŞAKŞEHIR FK,1 - 0,23.0,home,69.0,72.0,71.0,71.0,71.0,69.0,68.0,69.0,48.0,26.3,35.55,24.4,2716.0,4251.0
505,2015.0,2.0,KASIMPAŞA A.Ş.,ÇAYKUR RIZESPOR A.Ş.,2 - 0,23.0,home,71.0,68.0,69.0,69.0,72.0,69.0,71.0,70.0,32.63,24.3,48.7,25.1,3314.0,1950.0
506,2015.0,-1.0,BURSASPOR,ESKIŞEHIRSPOR,0 - 1,23.0,away,68.0,68.0,68.0,68.0,71.0,72.0,72.0,72.0,48.63,23.9,89.38,23.9,6815.0,11245.0
507,2015.0,-2.0,TORKU KONYASPOR,MERSIN IDMANYURDU,0 - 2,23.0,away,72.0,67.0,66.0,67.0,69.0,72.0,69.0,70.0,22.7,25.0,33.7,25.8,5116.0,15871.0
508,2015.0,-1.0,OSMANLISPOR FUTBOL KULÜBÜ,TRABZONSPOR A.Ş.,1 - 2,23.0,away,76.0,70.0,72.0,73.0,71.0,72.0,69.0,71.0,128.6,23.5,43.43,26.6,7696.0,4186.0
509,2015.0,2.0,GALATASARAY A.Ş.,GAZIANTEPSPOR,2 - 0,23.0,home,69.0,68.0,69.0,69.0,70.0,75.0,73.0,75.0,36.68,23.5,136.0,25.6,3065.0,18996.0
510,2015.0,0.0,ANTALYASPOR A.Ş.,MEDICANA SIVASSPOR,0 - 0,23.0,Draw,67.0,67.0,69.0,68.0,73.0,69.0,69.0,71.0,42.05,27.0,48.95,25.1,4881.0,9362.0
511,2015.0,2.0,AKHISAR BELEDIYE GENÇLIK VE SPOR,GENÇLERBIRLIĞI,3 - 1,23.0,home,74.0,70.0,70.0,70.0,71.0,70.0,69.0,70.0,42.85,25.4,35.95,26.9,2565.0,2394.0
512,2015.0,2.0,BEŞIKTAŞ A.Ş.,FENERBAHÇE A.Ş.,2 - 0,23.0,home,79.0,76.0,76.0,77.0,79.0,77.0,75.0,77.0,195.38,24.5,135.3,24.5,28589.0,18668.0
513,2015.0,1.0,MEDICANA SIVASSPOR,MERSIN IDMANYURDU,1 - 0,24.0,home,72.0,67.0,66.0,67.0,67.0,67.0,69.0,68.0,22.7,25.0,42.05,27.0,5116.0,4881.0
514,2015.0,0.0,GAZIANTEPSPOR,OSMANLISPOR FUTBOL KULÜBÜ,1 - 1,24.0,Draw,71.0,72.0,69.0,71.0,69.0,68.0,69.0,69.0,43.43,26.6,36.68,23.5,4186.0,3065.0
515,2015.0,-2.0,GENÇLERBIRLIĞI,KAYSERISPOR,0 - 2,24.0,away,71.0,69.0,68.0,69.0,74.0,70.0,70.0,70.0,35.55,24.4,42.85,25.4,4251.0,2565.0
516,2015.0,1.0,ÇAYKUR RIZESPOR A.Ş.,BURSASPOR,1 - 0,24.0,home,71.0,72.0,72.0,72.0,71.0,68.0,69.0,69.0,89.38,23.9,32.63,24.3,11245.0,3314.0
517,2015.0,0.0,MEDIPOL BAŞAKŞEHIR FK,GALATASARAY A.Ş.,3 - 3,24.0,Draw,70.0,75.0,73.0,75.0,69.0,72.0,71.0,71.0,136.0,25.6,48.0,26.3,18996.0,2716.0
518,2015.0,-3.0,FENERBAHÇE A.Ş.,AKHISAR BELEDIYE GENÇLIK VE SPOR,0 - 3,24.0,away,71.0,70.0,69.0,70.0,79.0,76.0,76.0,77.0,35.95,26.9,195.38,24.5,2394.0,28589.0
519,2015.0,2.0,TRABZONSPOR A.Ş.,TORKU KONYASPOR,2 - 0,24.0,home,69.0,72.0,69.0,70.0,76.0,70.0,72.0,73.0,33.7,25.8,128.6,23.5,15871.0,7696.0
520,2015.0,1.0,ANTALYASPOR A.Ş.,KASIMPAŞA A.Ş.,2 - 1,24.0,home,72.0,69.0,71.0,70.0,73.0,69.0,69.0,71.0,48.7,25.1,48.95,25.1,1950.0,9362.0
521,2015.0,2.0,ESKIŞEHIRSPOR,BEŞIKTAŞ A.Ş.,3 - 1,24.0,home,79.0,77.0,75.0,77.0,68.0,68.0,68.0,68.0,135.3,24.5,48.63,23.9,18668.0,6815.0
522,2015.0,1.0,MERSIN IDMANYURDU,TRABZONSPOR A.Ş.,1 - 0,25.0,home,76.0,70.0,72.0,73.0,72.0,67.0,66.0,67.0,128.6,23.5,22.7,25.0,7696.0,5116.0
523,2015.0,-1.0,BEŞIKTAŞ A.Ş.,ÇAYKUR RIZESPOR A.Ş.,1 - 2,25.0,away,71.0,68.0,69.0,69.0,79.0,77.0,75.0,77.0,32.63,24.3,135.3,24.5,3314.0,18668.0
524,2015.0,-1.0,TORKU KONYASPOR,GAZIANTEPSPOR,0 - 1,25.0,away,69.0,68.0,69.0,69.0,69.0,72.0,69.0,70.0,36.68,23.5,33.7,25.8,3065.0,15871.0
525,2015.0,-1.0,OSMANLISPOR FUTBOL KULÜBÜ,MEDIPOL BAŞAKŞEHIR FK,2 - 3,25.0,away,69.0,72.0,71.0,71.0,71.0,72.0,69.0,71.0,48.0,26.3,43.43,26.6,2716.0,4186.0
526,2015.0,0.0,GALATASARAY A.Ş.,GENÇLERBIRLIĞI,1 - 1,25.0,Draw,74.0,70.0,70.0,70.0,70.0,75.0,73.0,75.0,42.85,25.4,136.0,25.6,2565.0,18996.0
527,2015.0,1.0,KAYSERISPOR,FENERBAHÇE A.Ş.,1 - 0,25.0,home,79.0,76.0,76.0,77.0,71.0,69.0,68.0,69.0,195.38,24.5,35.55,24.4,28589.0,4251.0
528,2015.0,0.0,AKHISAR BELEDIYE GENÇLIK VE SPOR,ESKIŞEHIRSPOR,3 - 3,25.0,Draw,68.0,68.0,68.0,68.0,71.0,70.0,69.0,70.0,48.63,23.9,35.95,26.9,6815.0,2394.0
529,2015.0,1.0,KASIMPAŞA A.Ş.,MEDICANA SIVASSPOR,1 - 0,25.0,home,67.0,67.0,69.0,68.0,72.0,69.0,71.0,70.0,42.05,27.0,48.7,25.1,4881.0,1950.0
530,2015.0,3.0,BURSASPOR,ANTALYASPOR A.Ş.,3 - 0,25.0,home,73.0,69.0,69.0,71.0,71.0,72.0,72.0,72.0,48.95,25.1,89.38,23.9,9362.0,11245.0
531,2015.0,0.0,ÇAYKUR RIZESPOR A.Ş.,AKHISAR BELEDIYE GENÇLIK VE SPOR,1 - 1,26.0,Draw,71.0,70.0,69.0,70.0,71.0,68.0,69.0,69.0,35.95,26.9,32.63,24.3,2394.0,3314.0
532,2015.0,0.0,ESKIŞEHIRSPOR,KAYSERISPOR,0 - 0,26.0,Draw,71.0,69.0,68.0,69.0,68.0,68.0,68.0,68.0,35.55,24.4,48.63,23.9,4251.0,6815.0
533,2015.0,1.0,ANTALYASPOR A.Ş.,BEŞIKTAŞ A.Ş.,1 - 0,26.0,home,79.0,77.0,75.0,77.0,73.0,69.0,69.0,71.0,135.3,24.5,48.95,25.1,18668.0,9362.0
534,2015.0,1.0,MEDICANA SIVASSPOR,TRABZONSPOR A.Ş.,1 - 0,26.0,home,76.0,70.0,72.0,73.0,67.0,67.0,69.0,68.0,128.6,23.5,42.05,27.0,7696.0,4881.0
535,2015.0,2.0,GENÇLERBIRLIĞI,OSMANLISPOR FUTBOL KULÜBÜ,3 - 1,26.0,home,71.0,72.0,69.0,71.0,74.0,70.0,70.0,70.0,43.43,26.6,42.85,25.4,4186.0,2565.0
536,2015.0,0.0,GAZIANTEPSPOR,MERSIN IDMANYURDU,0 - 0,26.0,Draw,72.0,67.0,66.0,67.0,69.0,68.0,69.0,69.0,22.7,25.0,36.68,23.5,5116.0,3065.0
537,2015.0,3.0,KASIMPAŞA A.Ş.,BURSASPOR,4 - 1,26.0,home,71.0,72.0,72.0,72.0,72.0,69.0,71.0,70.0,89.38,23.9,48.7,25.1,11245.0,1950.0
538,2015.0,0.0,MEDIPOL BAŞAKŞEHIR FK,TORKU KONYASPOR,1 - 1,26.0,Draw,69.0,72.0,69.0,70.0,69.0,72.0,71.0,71.0,33.7,25.8,48.0,26.3,15871.0,2716.0
539,2015.0,0.0,FENERBAHÇE A.Ş.,GALATASARAY A.Ş.,0 - 0,26.0,Draw,70.0,75.0,73.0,75.0,79.0,76.0,76.0,77.0,136.0,25.6,195.38,24.5,18996.0,28589.0
540,2015.0,1.0,GALATASARAY A.Ş.,ESKIŞEHIRSPOR,4 - 3,27.0,home,68.0,68.0,68.0,68.0,70.0,75.0,73.0,75.0,48.63,23.9,136.0,25.6,6815.0,18996.0
541,2015.0,-1.0,TORKU KONYASPOR,GENÇLERBIRLIĞI,0 - 1,27.0,away,74.0,70.0,70.0,70.0,69.0,72.0,69.0,70.0,42.85,25.4,33.7,25.8,2565.0,15871.0
542,2015.0,-1.0,TRABZONSPOR A.Ş.,GAZIANTEPSPOR,0 - 1,27.0,away,69.0,68.0,69.0,69.0,76.0,70.0,72.0,73.0,36.68,23.5,128.6,23.5,3065.0,7696.0
543,2015.0,-1.0,BURSASPOR,MEDICANA SIVASSPOR,1 - 2,27.0,away,67.0,67.0,69.0,68.0,71.0,72.0,72.0,72.0,42.05,27.0,89.38,23.9,4881.0,11245.0
544,2015.0,3.0,MERSIN IDMANYURDU,MEDIPOL BAŞAKŞEHIR FK,3 - 0,27.0,home,69.0,72.0,71.0,71.0,72.0,67.0,66.0,67.0,48.0,26.3,22.7,25.0,2716.0,5116.0
545,2015.0,0.0,AKHISAR BELEDIYE GENÇLIK VE SPOR,ANTALYASPOR A.Ş.,2 - 2,27.0,Draw,73.0,69.0,69.0,71.0,71.0,70.0,69.0,70.0,48.95,25.1,35.95,26.9,9362.0,2394.0
546,2015.0,0.0,OSMANLISPOR FUTBOL KULÜBÜ,FENERBAHÇE A.Ş.,0 - 0,27.0,Draw,79.0,76.0,76.0,77.0,71.0,72.0,69.0,71.0,195.38,24.5,43.43,26.6,28589.0,4186.0
547,2015.0,0.0,KAYSERISPOR,ÇAYKUR RIZESPOR A.Ş.,0 - 0,27.0,Draw,71.0,68.0,69.0,69.0,71.0,69.0,68.0,69.0,32.63,24.3,35.55,24.4,3314.0,4251.0
548,2015.0,1.0,BEŞIKTAŞ A.Ş.,KASIMPAŞA A.Ş.,2 - 1,27.0,home,72.0,69.0,71.0,70.0,79.0,77.0,75.0,77.0,48.7,25.1,135.3,24.5,1950.0,18668.0
549,2015.0,-1.0,MEDICANA SIVASSPOR,GAZIANTEPSPOR,0 - 1,28.0,away,69.0,68.0,69.0,69.0,67.0,67.0,69.0,68.0,36.68,23.5,42.05,27.0,3065.0,4881.0
550,2015.0,0.0,ESKIŞEHIRSPOR,OSMANLISPOR FUTBOL KULÜBÜ,0 - 0,28.0,Draw,71.0,72.0,69.0,71.0,68.0,68.0,68.0,68.0,43.43,26.6,48.63,23.9,4186.0,6815.0
551,2015.0,1.0,FENERBAHÇE A.Ş.,TORKU KONYASPOR,2 - 1,28.0,home,69.0,72.0,69.0,70.0,79.0,76.0,76.0,77.0,33.7,25.8,195.38,24.5,15871.0,28589.0
552,2015.0,0.0,ÇAYKUR RIZESPOR A.Ş.,GALATASARAY A.Ş.,1 - 1,28.0,Draw,70.0,75.0,73.0,75.0,71.0,68.0,69.0,69.0,136.0,25.6,32.63,24.3,18996.0,3314.0
553,2015.0,-2.0,GENÇLERBIRLIĞI,MERSIN IDMANYURDU,1 - 3,28.0,away,72.0,67.0,66.0,67.0,74.0,70.0,70.0,70.0,22.7,25.0,42.85,25.4,5116.0,2565.0
554,2015.0,0.0,ANTALYASPOR A.Ş.,KAYSERISPOR,0 - 0,28.0,Draw,71.0,69.0,68.0,69.0,73.0,69.0,69.0,71.0,35.55,24.4,48.95,25.1,4251.0,9362.0
555,2015.0,0.0,MEDIPOL BAŞAKŞEHIR FK,TRABZONSPOR A.Ş.,1 - 1,28.0,Draw,76.0,70.0,72.0,73.0,69.0,72.0,71.0,71.0,128.6,23.5,48.0,26.3,7696.0,2716.0
556,2015.0,-1.0,KASIMPAŞA A.Ş.,AKHISAR BELEDIYE GENÇLIK VE SPOR,0 - 1,28.0,away,71.0,70.0,69.0,70.0,72.0,69.0,71.0,70.0,35.95,26.9,48.7,25.1,2394.0,1950.0
557,2015.0,1.0,BURSASPOR,BEŞIKTAŞ A.Ş.,3 - 2,28.0,home,79.0,77.0,75.0,77.0,71.0,72.0,72.0,72.0,135.3,24.5,89.38,23.9,18668.0,11245.0
558,2015.0,-1.0,TORKU KONYASPOR,ESKIŞEHIRSPOR,1 - 2,29.0,away,68.0,68.0,68.0,68.0,69.0,72.0,69.0,70.0,48.63,23.9,33.7,25.8,6815.0,15871.0
559,2015.0,2.0,GALATASARAY A.Ş.,ANTALYASPOR A.Ş.,4 - 2,29.0,home,73.0,69.0,69.0,71.0,70.0,75.0,73.0,75.0,48.95,25.1,136.0,25.6,9362.0,18996.0
560,2015.0,-1.0,BEŞIKTAŞ A.Ş.,MEDICANA SIVASSPOR,1 - 2,29.0,away,67.0,67.0,69.0,68.0,79.0,77.0,75.0,77.0,42.05,27.0,135.3,24.5,4881.0,18668.0
561,2015.0,-1.0,OSMANLISPOR FUTBOL KULÜBÜ,ÇAYKUR RIZESPOR A.Ş.,0 - 1,29.0,away,71.0,68.0,69.0,69.0,71.0,72.0,69.0,71.0,32.63,24.3,43.43,26.6,3314.0,4186.0
562,2015.0,3.0,MERSIN IDMANYURDU,FENERBAHÇE A.Ş.,4 - 1,29.0,home,79.0,76.0,76.0,77.0,72.0,67.0,66.0,67.0,195.38,24.5,22.7,25.0,28589.0,5116.0
563,2015.0,3.0,GAZIANTEPSPOR,MEDIPOL BAŞAKŞEHIR FK,4 - 1,29.0,home,69.0,72.0,71.0,71.0,69.0,68.0,69.0,69.0,48.0,26.3,36.68,23.5,2716.0,3065.0
564,2015.0,-2.0,AKHISAR BELEDIYE GENÇLIK VE SPOR,BURSASPOR,0 - 2,29.0,away,71.0,72.0,72.0,72.0,71.0,70.0,69.0,70.0,89.38,23.9,35.95,26.9,11245.0,2394.0
565,2015.0,-1.0,KAYSERISPOR,KASIMPAŞA A.Ş.,1 - 2,29.0,away,72.0,69.0,71.0,70.0,71.0,69.0,68.0,69.0,48.7,25.1,35.55,24.4,1950.0,4251.0
566,2015.0,2.0,TRABZONSPOR A.Ş.,GENÇLERBIRLIĞI,3 - 1,29.0,home,74.0,70.0,70.0,70.0,76.0,70.0,72.0,73.0,42.85,25.4,128.6,23.5,2565.0,7696.0
567,2015.0,1.0,BURSASPOR,KAYSERISPOR,2 - 1,30.0,home,71.0,69.0,68.0,69.0,71.0,72.0,72.0,72.0,35.55,24.4,89.38,23.9,4251.0,11245.0
568,2015.0,3.0,ANTALYASPOR A.Ş.,OSMANLISPOR FUTBOL KULÜBÜ,3 - 0,30.0,home,71.0,72.0,69.0,71.0,73.0,69.0,69.0,71.0,43.43,26.6,48.95,25.1,4186.0,9362.0
569,2015.0,0.0,MEDICANA SIVASSPOR,MEDIPOL BAŞAKŞEHIR FK,2 - 2,30.0,Draw,69.0,72.0,71.0,71.0,67.0,67.0,69.0,68.0,48.0,26.3,42.05,27.0,2716.0,4881.0
570,2015.0,0.0,BEŞIKTAŞ A.Ş.,AKHISAR BELEDIYE GENÇLIK VE SPOR,3 - 3,30.0,Draw,71.0,70.0,69.0,70.0,79.0,77.0,75.0,77.0,35.95,26.9,135.3,24.5,2394.0,18668.0
571,2015.0,3.0,KASIMPAŞA A.Ş.,GALATASARAY A.Ş.,4 - 1,30.0,home,70.0,75.0,73.0,75.0,72.0,69.0,71.0,70.0,136.0,25.6,48.7,25.1,18996.0,1950.0
572,2015.0,-1.0,ESKIŞEHIRSPOR,MERSIN IDMANYURDU,1 - 2,30.0,away,72.0,67.0,66.0,67.0,68.0,68.0,68.0,68.0,22.7,25.0,48.63,23.9,5116.0,6815.0
573,2015.0,-4.0,FENERBAHÇE A.Ş.,TRABZONSPOR A.Ş.,0 - 4,30.0,away,76.0,70.0,72.0,73.0,79.0,76.0,76.0,77.0,128.6,23.5,195.38,24.5,7696.0,28589.0
574,2015.0,2.0,ÇAYKUR RIZESPOR A.Ş.,TORKU KONYASPOR,3 - 1,30.0,home,69.0,72.0,69.0,70.0,71.0,68.0,69.0,69.0,33.7,25.8,32.63,24.3,15871.0,3314.0
575,2015.0,-2.0,GENÇLERBIRLIĞI,GAZIANTEPSPOR,1 - 3,30.0,away,69.0,68.0,69.0,69.0,74.0,70.0,70.0,70.0,36.68,23.5,42.85,25.4,3065.0,2565.0
576,2015.0,0.0,GALATASARAY A.Ş.,BURSASPOR,1 - 1,31.0,Draw,71.0,72.0,72.0,72.0,70.0,75.0,73.0,75.0,89.38,23.9,136.0,25.6,11245.0,18996.0
577,2015.0,2.0,MERSIN IDMANYURDU,ÇAYKUR RIZESPOR A.Ş.,2 - 0,31.0,home,71.0,68.0,69.0,69.0,72.0,67.0,66.0,67.0,32.63,24.3,22.7,25.0,3314.0,5116.0
578,2015.0,4.0,KAYSERISPOR,BEŞIKTAŞ A.Ş.,4 - 0,31.0,home,79.0,77.0,75.0,77.0,71.0,69.0,68.0,69.0,135.3,24.5,35.55,24.4,18668.0,4251.0
579,2015.0,0.0,MEDIPOL BAŞAKŞEHIR FK,GENÇLERBIRLIĞI,0 - 0,31.0,Draw,74.0,70.0,70.0,70.0,69.0,72.0,71.0,71.0,42.85,25.4,48.0,26.3,2565.0,2716.0
580,2015.0,1.0,TRABZONSPOR A.Ş.,ESKIŞEHIRSPOR,1 - 0,31.0,home,68.0,68.0,68.0,68.0,76.0,70.0,72.0,73.0,48.63,23.9,128.6,23.5,6815.0,7696.0
581,2015.0,1.0,TORKU KONYASPOR,ANTALYASPOR A.Ş.,1 - 0,31.0,home,73.0,69.0,69.0,71.0,69.0,72.0,69.0,70.0,48.95,25.1,33.7,25.8,9362.0,15871.0
582,2015.0,3.0,GAZIANTEPSPOR,FENERBAHÇE A.Ş.,3 - 0,31.0,home,79.0,76.0,76.0,77.0,69.0,68.0,69.0,69.0,195.38,24.5,36.68,23.5,28589.0,3065.0
583,2015.0,0.0,AKHISAR BELEDIYE GENÇLIK VE SPOR,MEDICANA SIVASSPOR,1 - 1,31.0,Draw,67.0,67.0,69.0,68.0,71.0,70.0,69.0,70.0,42.05,27.0,35.95,26.9,4881.0,2394.0
584,2015.0,0.0,OSMANLISPOR FUTBOL KULÜBÜ,KASIMPAŞA A.Ş.,1 - 1,31.0,Draw,72.0,69.0,71.0,70.0,71.0,72.0,69.0,71.0,48.7,25.1,43.43,26.6,1950.0,4186.0
585,2015.0,0.0,ESKIŞEHIRSPOR,GAZIANTEPSPOR,1 - 1,32.0,Draw,69.0,68.0,69.0,69.0,68.0,68.0,68.0,68.0,36.68,23.5,48.63,23.9,3065.0,6815.0
586,2015.0,1.0,GENÇLERBIRLIĞI,MEDICANA SIVASSPOR,2 - 1,32.0,home,67.0,67.0,69.0,68.0,74.0,70.0,70.0,70.0,42.05,27.0,42.85,25.4,4881.0,2565.0
587,2015.0,0.0,BURSASPOR,OSMANLISPOR FUTBOL KULÜBÜ,3 - 3,32.0,Draw,71.0,72.0,69.0,71.0,71.0,72.0,72.0,72.0,43.43,26.6,89.38,23.9,4186.0,11245.0
588,2015.0,6.0,ÇAYKUR RIZESPOR A.Ş.,TRABZONSPOR A.Ş.,6 - 0,32.0,home,76.0,70.0,72.0,73.0,71.0,68.0,69.0,69.0,128.6,23.5,32.63,24.3,7696.0,3314.0
589,2015.0,-1.0,ANTALYASPOR A.Ş.,MERSIN IDMANYURDU,0 - 1,32.0,away,72.0,67.0,66.0,67.0,73.0,69.0,69.0,71.0,22.7,25.0,48.95,25.1,5116.0,9362.0
590,2015.0,0.0,KAYSERISPOR,AKHISAR BELEDIYE GENÇLIK VE SPOR,1 - 1,32.0,Draw,71.0,70.0,69.0,70.0,71.0,69.0,68.0,69.0,35.95,26.9,35.55,24.4,2394.0,4251.0
591,2015.0,-1.0,BEŞIKTAŞ A.Ş.,GALATASARAY A.Ş.,0 - 1,32.0,away,70.0,75.0,73.0,75.0,79.0,77.0,75.0,77.0,136.0,25.6,135.3,24.5,18996.0,18668.0
592,2015.0,2.0,KASIMPAŞA A.Ş.,TORKU KONYASPOR,2 - 0,32.0,home,69.0,72.0,69.0,70.0,72.0,69.0,71.0,70.0,33.7,25.8,48.7,25.1,15871.0,1950.0
593,2015.0,1.0,FENERBAHÇE A.Ş.,MEDIPOL BAŞAKŞEHIR FK,2 - 1,32.0,home,69.0,72.0,71.0,71.0,79.0,76.0,76.0,77.0,48.0,26.3,195.38,24.5,2716.0,28589.0
594,2015.0,7.0,TRABZONSPOR A.Ş.,ANTALYASPOR A.Ş.,7 - 0,33.0,home,73.0,69.0,69.0,71.0,76.0,70.0,72.0,73.0,48.95,25.1,128.6,23.5,9362.0,7696.0
595,2015.0,0.0,TORKU KONYASPOR,BURSASPOR,1 - 1,33.0,Draw,71.0,72.0,72.0,72.0,69.0,72.0,69.0,70.0,89.38,23.9,33.7,25.8,11245.0,15871.0
596,2015.0,-1.0,MEDIPOL BAŞAKŞEHIR FK,ESKIŞEHIRSPOR,1 - 2,33.0,away,68.0,68.0,68.0,68.0,69.0,72.0,71.0,71.0,48.63,23.9,48.0,26.3,6815.0,2716.0
597,2015.0,0.0,MEDICANA SIVASSPOR,KAYSERISPOR,1 - 1,33.0,Draw,71.0,69.0,68.0,69.0,67.0,67.0,69.0,68.0,35.55,24.4,42.05,27.0,4251.0,4881.0
598,2015.0,1.0,GAZIANTEPSPOR,ÇAYKUR RIZESPOR A.Ş.,1 - 0,33.0,home,71.0,68.0,69.0,69.0,69.0,68.0,69.0,69.0,32.63,24.3,36.68,23.5,3314.0,3065.0
599,2015.0,7.0,MERSIN IDMANYURDU,KASIMPAŞA A.Ş.,7 - 0,33.0,home,72.0,69.0,71.0,70.0,72.0,67.0,66.0,67.0,48.7,25.1,22.7,25.0,1950.0,5116.0
600,2015.0,-1.0,GALATASARAY A.Ş.,AKHISAR BELEDIYE GENÇLIK VE SPOR,1 - 2,33.0,away,71.0,70.0,69.0,70.0,70.0,75.0,73.0,75.0,35.95,26.9,136.0,25.6,2394.0,18996.0
601,2015.0,1.0,GENÇLERBIRLIĞI,FENERBAHÇE A.Ş.,2 - 1,33.0,home,79.0,76.0,76.0,77.0,74.0,70.0,70.0,70.0,195.38,24.5,42.85,25.4,28589.0,2565.0
602,2015.0,2.0,OSMANLISPOR FUTBOL KULÜBÜ,BEŞIKTAŞ A.Ş.,3 - 1,33.0,home,79.0,77.0,75.0,77.0,71.0,72.0,69.0,71.0,135.3,24.5,43.43,26.6,18668.0,4186.0
603,2015.0,-3.0,BURSASPOR,MERSIN IDMANYURDU,2 - 5,34.0,away,72.0,67.0,66.0,67.0,71.0,72.0,72.0,72.0,22.7,25.0,89.38,23.9,5116.0,11245.0
604,2015.0,1.0,ÇAYKUR RIZESPOR A.Ş.,MEDIPOL BAŞAKŞEHIR FK,1 - 0,34.0,home,69.0,72.0,71.0,71.0,71.0,68.0,69.0,69.0,48.0,26.3,32.63,24.3,2716.0,3314.0
605,2015.0,1.0,BEŞIKTAŞ A.Ş.,TORKU KONYASPOR,2 - 1,34.0,home,69.0,72.0,69.0,70.0,79.0,77.0,75.0,77.0,33.7,25.8,135.3,24.5,15871.0,18668.0
606,2015.0,0.0,FENERBAHÇE A.Ş.,MEDICANA SIVASSPOR,2 - 2,34.0,Draw,67.0,67.0,69.0,68.0,79.0,76.0,76.0,77.0,42.05,27.0,195.38,24.5,4881.0,28589.0
607,2015.0,1.0,AKHISAR BELEDIYE GENÇLIK VE SPOR,OSMANLISPOR FUTBOL KULÜBÜ,1 - 0,34.0,home,71.0,72.0,69.0,71.0,71.0,70.0,69.0,70.0,43.43,26.6,35.95,26.9,4186.0,2394.0
608,2015.0,6.0,KAYSERISPOR,GALATASARAY A.Ş.,6 - 0,34.0,home,70.0,75.0,73.0,75.0,71.0,69.0,68.0,69.0,136.0,25.6,35.55,24.4,18996.0,4251.0
609,2015.0,2.0,ANTALYASPOR A.Ş.,GAZIANTEPSPOR,2 - 0,34.0,home,69.0,68.0,69.0,69.0,73.0,69.0,69.0,71.0,36.68,23.5,48.95,25.1,3065.0,9362.0
610,2015.0,-6.0,KASIMPAŞA A.Ş.,TRABZONSPOR A.Ş.,0 - 6,34.0,away,76.0,70.0,72.0,73.0,72.0,69.0,71.0,70.0,128.6,23.5,48.7,25.1,7696.0,1950.0
611,2015.0,2.0,ESKIŞEHIRSPOR,GENÇLERBIRLIĞI,3 - 1,34.0,home,74.0,70.0,70.0,70.0,68.0,68.0,68.0,68.0,42.85,25.4,48.63,23.9,2565.0,6815.0
